-- phpMyAdmin SQL Dump
-- version 5.2.1
-- https://www.phpmyadmin.net/
--
-- Servidor: db:3306
-- Tiempo de generación: 01-12-2023 a las 14:19:29
-- Versión del servidor: 5.7.44
-- Versión de PHP: 8.2.8

SET SQL_MODE = "NO_AUTO_VALUE_ON_ZERO";
START TRANSACTION;
SET time_zone = "+00:00";


/*!40101 SET @OLD_CHARACTER_SET_CLIENT=@@CHARACTER_SET_CLIENT */;
/*!40101 SET @OLD_CHARACTER_SET_RESULTS=@@CHARACTER_SET_RESULTS */;
/*!40101 SET @OLD_COLLATION_CONNECTION=@@COLLATION_CONNECTION */;
/*!40101 SET NAMES utf8mb4 */;

--
-- Base de datos: `drawing`
--

-- --------------------------------------------------------

--
-- Estructura de tabla para la tabla `Canvas`
--

CREATE TABLE `Canvas` (
  `idObjectes` int(11) NOT NULL,
  `nameCanvas` varchar(255) DEFAULT NULL,
  `user_id` int(11) DEFAULT NULL,
  `dataCreacio` datetime DEFAULT NULL,
  `user_email` varchar(255) NOT NULL,
  `trash` tinyint(1) DEFAULT NULL,
  `public` tinyint(1) DEFAULT NULL
) ENGINE=InnoDB DEFAULT CHARSET=latin1;

--
-- Volcado de datos para la tabla `Canvas`
--

INSERT INTO `Canvas` (`idObjectes`, `nameCanvas`, `user_id`, `dataCreacio`, `user_email`, `trash`, `public`) VALUES
(25, 'Image24569', NULL, '2023-11-30 10:00:47', 'francisca@gmail.com', 1, 0),
(26, 'Image26801', NULL, '2023-11-30 10:04:48', 'aina@gmail.com', 0, NULL),
(27, 'Image86065', NULL, '2023-11-30 10:11:40', 'aina@gmail.com', 0, NULL),
(28, 'Image5689', NULL, '2023-11-30 10:15:29', 'joan@gmail.com', 0, NULL),
(29, 'Image17005', NULL, '2023-11-30 10:17:23', 'joan@gmail.com', 1, NULL),
(30, 'proba esper', NULL, '2023-11-30 10:58:30', 'joan@gmail.com', 0, NULL),
(32, 'lluvia de estrellas', NULL, '2023-11-30 11:13:45', 'aina@gmail.com', 0, NULL),
(34, 'Image45649', NULL, '2023-11-30 11:15:48', 'aina@gmail.com', 0, NULL),
(36, 'Image30964', NULL, '2023-11-30 14:02:41', 'joan@gmail.com', 0, NULL),
(37, 'Image28546', NULL, '2023-11-30 18:30:04', 'joan@gmail.com', 0, NULL),
(38, 'dibuixNou', NULL, '2023-11-30 18:30:18', 'joan@gmail.com', 0, NULL),
(39, 'nouCuadrat', NULL, '2023-11-30 18:30:36', 'joan@gmail.com', 0, NULL),
(41, 'borrarJoan', NULL, '2023-12-01 09:12:05', 'joan@gmail.com', 0, NULL),
(42, 'Mi canvas', NULL, '2023-12-01 10:41:52', 'aina@gmail.com', 0, NULL),
(44, 'xPerMandarTrash', NULL, '2023-12-01 11:44:24', 'joan@gmail.com', 1, 0),
(45, 'paper3', NULL, '2023-12-01 11:55:35', 'joan@gmail.com', 1, 0),
(46, 'papeleraFRan', NULL, '2023-12-01 12:09:20', 'francisca@gmail.com', 0, 0);

-- --------------------------------------------------------

--
-- Estructura de tabla para la tabla `Permission`
--

CREATE TABLE `Permission` (
  `idCanvas` int(11) NOT NULL,
  `R` tinyint(1) NOT NULL,
  `idUser` int(11) NOT NULL,
  `W` tinyint(1) NOT NULL
) ENGINE=InnoDB DEFAULT CHARSET=latin1;

-- --------------------------------------------------------

--
-- Estructura de tabla para la tabla `user`
--

CREATE TABLE `user` (
  `id` int(11) NOT NULL,
  `name` varchar(100) NOT NULL,
  `email` varchar(255) NOT NULL,
  `password` varchar(255) NOT NULL
) ENGINE=InnoDB DEFAULT CHARSET=latin1;

--
-- Volcado de datos para la tabla `user`
--

INSERT INTO `user` (`id`, `name`, `email`, `password`) VALUES
(4, 'joan', 'joan@gmail.com', '2e80a184267270fc8a50f3f9aef3902e'),
(5, 'Francisca', 'francisca@gmail.com', '2e80a184267270fc8a50f3f9aef3902e'),
(6, 'Aina', 'aina@gmail.com', '2e80a184267270fc8a50f3f9aef3902e');

-- --------------------------------------------------------

--
-- Estructura de tabla para la tabla `Version`
--

CREATE TABLE `Version` (
  `idVersion` int(11) NOT NULL,
  `idDraw` int(11) NOT NULL,
  `figuresJSON` text NOT NULL,
  `strokesJSON` text NOT NULL,
  `dateLastModified` date NOT NULL,
  `user_email` varchar(255) NOT NULL,
  `numberObject` int(11) NOT NULL
) ENGINE=InnoDB DEFAULT CHARSET=latin1;

--
-- Volcado de datos para la tabla `Version`
--

INSERT INTO `Version` (`idVersion`, `idDraw`, `figuresJSON`, `strokesJSON`, `dateLastModified`, `user_email`, `numberObject`) VALUES
(2, 25, '[{\"type\":\"cuadrado\",\"color\":\"#000000\",\"rellenoFigura\":false,\"size\":\"50\",\"centerX\":213,\"centerY\":291},{\"type\":\"cuadrado\",\"color\":\"#000000\",\"rellenoFigura\":false,\"size\":\"50\",\"centerX\":389,\"centerY\":303},{\"type\":\"cuadrado\",\"color\":\"#000000\",\"rellenoFigura\":false,\"size\":\"50\",\"centerX\":211,\"centerY\":480}]', '[]', '2023-11-30', 'francisca@gmail.com', 1),
(3, 26, '[]', '[{\"puntos\":[{\"x\":200,\"y\":233},{\"x\":200,\"y\":233},{\"x\":200,\"y\":235},{\"x\":200,\"y\":238},{\"x\":200,\"y\":244},{\"x\":200,\"y\":253},{\"x\":200,\"y\":265},{\"x\":200,\"y\":278},{\"x\":200,\"y\":292},{\"x\":200,\"y\":305},{\"x\":201,\"y\":317},{\"x\":203,\"y\":329},{\"x\":206,\"y\":339},{\"x\":209,\"y\":349},{\"x\":212,\"y\":356},{\"x\":216,\"y\":363},{\"x\":219,\"y\":368},{\"x\":223,\"y\":371},{\"x\":227,\"y\":373},{\"x\":232,\"y\":374},{\"x\":238,\"y\":374},{\"x\":247,\"y\":374},{\"x\":260,\"y\":374},{\"x\":276,\"y\":373},{\"x\":293,\"y\":369},{\"x\":313,\"y\":361},{\"x\":334,\"y\":352},{\"x\":352,\"y\":341},{\"x\":368,\"y\":330},{\"x\":381,\"y\":317},{\"x\":393,\"y\":303},{\"x\":402,\"y\":288},{\"x\":411,\"y\":272},{\"x\":419,\"y\":257},{\"x\":427,\"y\":246},{\"x\":434,\"y\":237},{\"x\":442,\"y\":229},{\"x\":448,\"y\":222},{\"x\":455,\"y\":215},{\"x\":462,\"y\":210},{\"x\":470,\"y\":205},{\"x\":477,\"y\":201},{\"x\":484,\"y\":199},{\"x\":491,\"y\":197},{\"x\":498,\"y\":197},{\"x\":505,\"y\":197},{\"x\":514,\"y\":198},{\"x\":522,\"y\":202},{\"x\":531,\"y\":207},{\"x\":539,\"y\":216},{\"x\":546,\"y\":226},{\"x\":551,\"y\":240},{\"x\":556,\"y\":259},{\"x\":561,\"y\":283},{\"x\":563,\"y\":307},{\"x\":565,\"y\":330},{\"x\":567,\"y\":349},{\"x\":569,\"y\":367},{\"x\":570,\"y\":383},{\"x\":572,\"y\":395},{\"x\":573,\"y\":404},{\"x\":575,\"y\":410},{\"x\":577,\"y\":414},{\"x\":579,\"y\":416},{\"x\":583,\"y\":417},{\"x\":591,\"y\":418},{\"x\":603,\"y\":418},{\"x\":621,\"y\":418},{\"x\":641,\"y\":417},{\"x\":659,\"y\":413},{\"x\":677,\"y\":409},{\"x\":692,\"y\":406},{\"x\":702,\"y\":403},{\"x\":708,\"y\":401},{\"x\":713,\"y\":399},{\"x\":716,\"y\":397},{\"x\":719,\"y\":397},{\"x\":722,\"y\":396},{\"x\":724,\"y\":395}],\"color\":\"#d51a1a\",\"size\":\"50\"},{\"puntos\":[{\"x\":167,\"y\":148},{\"x\":167,\"y\":148},{\"x\":171,\"y\":148},{\"x\":183,\"y\":146},{\"x\":206,\"y\":141},{\"x\":241,\"y\":133},{\"x\":283,\"y\":125},{\"x\":325,\"y\":118},{\"x\":361,\"y\":112},{\"x\":391,\"y\":107},{\"x\":413,\"y\":104},{\"x\":431,\"y\":101},{\"x\":443,\"y\":100},{\"x\":453,\"y\":99},{\"x\":460,\"y\":99},{\"x\":467,\"y\":99},{\"x\":472,\"y\":99},{\"x\":476,\"y\":99},{\"x\":479,\"y\":99},{\"x\":480,\"y\":99},{\"x\":482,\"y\":99},{\"x\":482,\"y\":100},{\"x\":483,\"y\":100},{\"x\":482,\"y\":100},{\"x\":480,\"y\":96}],\"color\":\"#d51a1a\",\"size\":\"18\"}]', '2023-11-30', 'aina@gmail.com', 1),
(4, 27, '[]', '[{\"puntos\":[{\"x\":72,\"y\":412},{\"x\":75,\"y\":412},{\"x\":86,\"y\":412},{\"x\":109,\"y\":412},{\"x\":143,\"y\":412},{\"x\":187,\"y\":412},{\"x\":233,\"y\":412},{\"x\":280,\"y\":412},{\"x\":318,\"y\":410},{\"x\":357,\"y\":406},{\"x\":398,\"y\":402},{\"x\":433,\"y\":397},{\"x\":467,\"y\":394},{\"x\":499,\"y\":393},{\"x\":525,\"y\":393},{\"x\":545,\"y\":394},{\"x\":558,\"y\":395},{\"x\":569,\"y\":397}],\"color\":\"#000000\",\"size\":\"50\"}]', '2023-11-30', 'aina@gmail.com', 1),
(5, 28, '[]', '[{\"puntos\":[{\"x\":107,\"y\":378},{\"x\":107,\"y\":378},{\"x\":109,\"y\":378},{\"x\":114,\"y\":378},{\"x\":124,\"y\":378},{\"x\":138,\"y\":378},{\"x\":152,\"y\":378},{\"x\":165,\"y\":378},{\"x\":179,\"y\":378},{\"x\":191,\"y\":380},{\"x\":202,\"y\":383},{\"x\":211,\"y\":387},{\"x\":221,\"y\":391},{\"x\":233,\"y\":395},{\"x\":246,\"y\":398},{\"x\":263,\"y\":401},{\"x\":285,\"y\":403},{\"x\":308,\"y\":404},{\"x\":336,\"y\":403},{\"x\":365,\"y\":400},{\"x\":395,\"y\":392},{\"x\":428,\"y\":381},{\"x\":461,\"y\":367},{\"x\":494,\"y\":352},{\"x\":525,\"y\":337},{\"x\":549,\"y\":325},{\"x\":566,\"y\":315},{\"x\":579,\"y\":308},{\"x\":587,\"y\":303},{\"x\":593,\"y\":300},{\"x\":596,\"y\":298},{\"x\":598,\"y\":297},{\"x\":599,\"y\":296},{\"x\":599,\"y\":295},{\"x\":599,\"y\":295},{\"x\":596,\"y\":294}],\"color\":\"#000000\",\"size\":\"50\"}]', '2023-11-30', 'joan@gmail.com', 1),
(6, 29, '[]', '[{\"puntos\":[{\"x\":136,\"y\":425},{\"x\":138,\"y\":425},{\"x\":143,\"y\":425},{\"x\":152,\"y\":425},{\"x\":165,\"y\":425},{\"x\":185,\"y\":425},{\"x\":211,\"y\":425},{\"x\":239,\"y\":425},{\"x\":268,\"y\":425},{\"x\":297,\"y\":421},{\"x\":324,\"y\":412},{\"x\":348,\"y\":400},{\"x\":370,\"y\":384},{\"x\":390,\"y\":366},{\"x\":408,\"y\":346},{\"x\":423,\"y\":327},{\"x\":435,\"y\":311},{\"x\":443,\"y\":298},{\"x\":448,\"y\":291},{\"x\":452,\"y\":285},{\"x\":453,\"y\":283},{\"x\":454,\"y\":282},{\"x\":454,\"y\":281},{\"x\":454,\"y\":281},{\"x\":454,\"y\":281},{\"x\":453,\"y\":281}],\"color\":\"#000000\",\"size\":\"50\"}]', '2023-11-30', 'joan@gmail.com', 1),
(7, 30, '[{\"type\":\"cuadrado\",\"color\":\"#000000\",\"rellenoFigura\":false,\"size\":\"50\",\"centerX\":206,\"centerY\":241},{\"type\":\"cuadrado\",\"color\":\"#000000\",\"rellenoFigura\":false,\"size\":\"50\",\"centerX\":274,\"centerY\":284}]', '[]', '2023-11-30', 'joan@gmail.com', 1),
(9, 32, '[{\"type\":\"estrella\",\"color\":\"#dff91a\",\"rellenoFigura\":false,\"size\":\"50\",\"centerX\":199,\"centerY\":187},{\"type\":\"estrella\",\"color\":\"#dff91a\",\"rellenoFigura\":false,\"size\":\"50\",\"centerX\":218,\"centerY\":225},{\"type\":\"estrella\",\"color\":\"#dff91a\",\"rellenoFigura\":false,\"size\":\"50\",\"centerX\":316,\"centerY\":279},{\"type\":\"estrella\",\"color\":\"#dff91a\",\"rellenoFigura\":true,\"size\":\"50\",\"centerX\":343,\"centerY\":119},{\"type\":\"estrella\",\"color\":\"#dff91a\",\"rellenoFigura\":true,\"size\":\"50\",\"centerX\":450,\"centerY\":173},{\"type\":\"estrella\",\"color\":\"#dff91a\",\"rellenoFigura\":true,\"size\":\"50\",\"centerX\":424,\"centerY\":341},{\"type\":\"estrella\",\"color\":\"#dff91a\",\"rellenoFigura\":true,\"size\":\"50\",\"centerX\":196,\"centerY\":343},{\"type\":\"estrella\",\"color\":\"#dff91a\",\"rellenoFigura\":true,\"size\":\"160\",\"centerX\":134,\"centerY\":413},{\"type\":\"estrella\",\"color\":\"#dff91a\",\"rellenoFigura\":true,\"size\":\"160\",\"centerX\":429,\"centerY\":435},{\"type\":\"estrella\",\"color\":\"#dff91a\",\"rellenoFigura\":true,\"size\":\"160\",\"centerX\":663,\"centerY\":293}]', '[]', '2023-11-30', 'aina@gmail.com', 1),
(11, 34, '[{\"type\":\"triangle\",\"color\":\"#f22121\",\"rellenoFigura\":false,\"size\":\"50\",\"centerX\":202,\"centerY\":390},{\"type\":\"triangle\",\"color\":\"#f22121\",\"rellenoFigura\":false,\"size\":\"50\",\"centerX\":484,\"centerY\":365},{\"type\":\"triangle\",\"color\":\"#f22121\",\"rellenoFigura\":false,\"size\":\"50\",\"centerX\":374,\"centerY\":429}]', '[]', '2023-11-30', 'aina@gmail.com', 1),
(13, 36, '[]', '[{\"puntos\":[{\"x\":230,\"y\":280},{\"x\":344,\"y\":283},{\"x\":406,\"y\":285},{\"x\":465,\"y\":291},{\"x\":523,\"y\":300},{\"x\":585,\"y\":315},{\"x\":631,\"y\":329},{\"x\":650,\"y\":337},{\"x\":656,\"y\":340},{\"x\":657,\"y\":342},{\"x\":657,\"y\":343},{\"x\":656,\"y\":347},{\"x\":652,\"y\":352},{\"x\":644,\"y\":358},{\"x\":633,\"y\":364},{\"x\":625,\"y\":368},{\"x\":621,\"y\":369},{\"x\":620,\"y\":370},{\"x\":617,\"y\":371},{\"x\":606,\"y\":374},{\"x\":591,\"y\":378},{\"x\":570,\"y\":382},{\"x\":542,\"y\":386},{\"x\":507,\"y\":390},{\"x\":463,\"y\":396},{\"x\":421,\"y\":401},{\"x\":390,\"y\":404},{\"x\":357,\"y\":407},{\"x\":327,\"y\":408},{\"x\":304,\"y\":407},{\"x\":285,\"y\":406},{\"x\":275,\"y\":406},{\"x\":270,\"y\":406},{\"x\":265,\"y\":406},{\"x\":261,\"y\":406},{\"x\":257,\"y\":406},{\"x\":252,\"y\":406},{\"x\":247,\"y\":407},{\"x\":244,\"y\":407},{\"x\":241,\"y\":408},{\"x\":238,\"y\":409},{\"x\":236,\"y\":410},{\"x\":235,\"y\":411},{\"x\":235,\"y\":411},{\"x\":234,\"y\":412},{\"x\":232,\"y\":413},{\"x\":229,\"y\":415},{\"x\":226,\"y\":417},{\"x\":224,\"y\":419},{\"x\":221,\"y\":421},{\"x\":218,\"y\":424},{\"x\":214,\"y\":428},{\"x\":209,\"y\":431},{\"x\":205,\"y\":434},{\"x\":201,\"y\":437},{\"x\":199,\"y\":439},{\"x\":198,\"y\":441},{\"x\":197,\"y\":444},{\"x\":196,\"y\":446},{\"x\":195,\"y\":449},{\"x\":195,\"y\":452},{\"x\":194,\"y\":455},{\"x\":195,\"y\":459},{\"x\":199,\"y\":465},{\"x\":210,\"y\":477},{\"x\":224,\"y\":487},{\"x\":233,\"y\":492},{\"x\":239,\"y\":494},{\"x\":245,\"y\":495},{\"x\":259,\"y\":494},{\"x\":297,\"y\":491},{\"x\":354,\"y\":485},{\"x\":397,\"y\":481},{\"x\":417,\"y\":479},{\"x\":429,\"y\":479},{\"x\":441,\"y\":477},{\"x\":464,\"y\":473},{\"x\":501,\"y\":465},{\"x\":538,\"y\":456},{\"x\":567,\"y\":451},{\"x\":589,\"y\":449},{\"x\":604,\"y\":449},{\"x\":612,\"y\":448},{\"x\":616,\"y\":448},{\"x\":618,\"y\":447},{\"x\":618,\"y\":447}],\"color\":\"#000000\",\"size\":\"50\"}]', '2023-11-30', 'joan@gmail.com', 1),
(14, 37, '[]', '[{\"puntos\":[{\"x\":177,\"y\":404},{\"x\":177,\"y\":405},{\"x\":177,\"y\":405},{\"x\":177,\"y\":408},{\"x\":177,\"y\":412},{\"x\":177,\"y\":419},{\"x\":177,\"y\":427},{\"x\":178,\"y\":437},{\"x\":183,\"y\":449},{\"x\":190,\"y\":459},{\"x\":201,\"y\":471},{\"x\":213,\"y\":479},{\"x\":226,\"y\":486},{\"x\":243,\"y\":492},{\"x\":262,\"y\":495},{\"x\":282,\"y\":495},{\"x\":306,\"y\":494},{\"x\":335,\"y\":488},{\"x\":369,\"y\":478},{\"x\":404,\"y\":466},{\"x\":437,\"y\":453},{\"x\":462,\"y\":440},{\"x\":479,\"y\":429},{\"x\":491,\"y\":421},{\"x\":498,\"y\":415},{\"x\":502,\"y\":411},{\"x\":504,\"y\":409},{\"x\":504,\"y\":408},{\"x\":505,\"y\":408},{\"x\":504,\"y\":408},{\"x\":504,\"y\":408},{\"x\":502,\"y\":408}],\"color\":\"#000000\",\"size\":\"50\"}]', '2023-11-30', 'joan@gmail.com', 1),
(15, 38, '[{\"type\":\"triangle\",\"color\":\"#000000\",\"rellenoFigura\":false,\"size\":\"50\",\"centerX\":67,\"centerY\":438},{\"type\":\"triangle\",\"color\":\"#000000\",\"rellenoFigura\":false,\"size\":\"50\",\"centerX\":303,\"centerY\":423}]', '[]', '2023-11-30', 'joan@gmail.com', 1),
(16, 39, '[{\"type\":\"cuadrado\",\"color\":\"#000000\",\"rellenoFigura\":false,\"size\":\"50\",\"centerX\":182,\"centerY\":473}]', '[]', '2023-11-30', 'joan@gmail.com', 1),
(18, 41, '[{\"type\":\"cuadrado\",\"color\":\"#000000\",\"rellenoFigura\":false,\"size\":\"50\",\"centerX\":120,\"centerY\":275},{\"type\":\"cuadrado\",\"color\":\"#da1616\",\"rellenoFigura\":true,\"size\":\"200\",\"centerX\":328,\"centerY\":407},{\"type\":\"cuadrado\",\"color\":\"#da1616\",\"rellenoFigura\":true,\"size\":\"200\",\"centerX\":598,\"centerY\":71},{\"type\":\"cuadrado\",\"color\":\"#da1616\",\"rellenoFigura\":true,\"size\":\"200\",\"centerX\":679,\"centerY\":346},{\"type\":\"cuadrado\",\"color\":\"#da1616\",\"rellenoFigura\":true,\"size\":\"200\",\"centerX\":262,\"centerY\":117}]', '[{\"puntos\":[{\"x\":123,\"y\":449},{\"x\":123,\"y\":448},{\"x\":123,\"y\":448},{\"x\":123,\"y\":446},{\"x\":123,\"y\":442},{\"x\":123,\"y\":425},{\"x\":124,\"y\":402},{\"x\":126,\"y\":391},{\"x\":129,\"y\":380},{\"x\":132,\"y\":371},{\"x\":134,\"y\":364},{\"x\":136,\"y\":359},{\"x\":139,\"y\":354},{\"x\":141,\"y\":350},{\"x\":143,\"y\":346},{\"x\":145,\"y\":342},{\"x\":147,\"y\":339},{\"x\":149,\"y\":335},{\"x\":151,\"y\":331},{\"x\":153,\"y\":328},{\"x\":155,\"y\":325},{\"x\":156,\"y\":323},{\"x\":157,\"y\":322},{\"x\":158,\"y\":321},{\"x\":159,\"y\":320},{\"x\":159,\"y\":319},{\"x\":160,\"y\":319},{\"x\":160,\"y\":319},{\"x\":160,\"y\":320},{\"x\":160,\"y\":320},{\"x\":160,\"y\":321},{\"x\":161,\"y\":321},{\"x\":162,\"y\":321},{\"x\":162,\"y\":321},{\"x\":163,\"y\":320},{\"x\":164,\"y\":318},{\"x\":166,\"y\":315},{\"x\":168,\"y\":310},{\"x\":171,\"y\":306},{\"x\":175,\"y\":301},{\"x\":180,\"y\":295},{\"x\":184,\"y\":290},{\"x\":188,\"y\":286},{\"x\":191,\"y\":283},{\"x\":193,\"y\":280},{\"x\":194,\"y\":279},{\"x\":195,\"y\":278},{\"x\":195,\"y\":278},{\"x\":195,\"y\":278},{\"x\":195,\"y\":279},{\"x\":195,\"y\":280},{\"x\":195,\"y\":282},{\"x\":194,\"y\":285},{\"x\":193,\"y\":288},{\"x\":192,\"y\":291},{\"x\":190,\"y\":294},{\"x\":189,\"y\":298},{\"x\":187,\"y\":303},{\"x\":184,\"y\":310},{\"x\":182,\"y\":318},{\"x\":179,\"y\":327},{\"x\":177,\"y\":335},{\"x\":175,\"y\":343},{\"x\":174,\"y\":349},{\"x\":173,\"y\":355},{\"x\":172,\"y\":359},{\"x\":171,\"y\":363},{\"x\":171,\"y\":365},{\"x\":171,\"y\":366},{\"x\":171,\"y\":367},{\"x\":171,\"y\":369},{\"x\":171,\"y\":370},{\"x\":171,\"y\":372},{\"x\":171,\"y\":375},{\"x\":172,\"y\":379},{\"x\":172,\"y\":382},{\"x\":172,\"y\":385},{\"x\":172,\"y\":388},{\"x\":172,\"y\":390},{\"x\":172,\"y\":392},{\"x\":172,\"y\":394},{\"x\":172,\"y\":395},{\"x\":172,\"y\":397},{\"x\":172,\"y\":399},{\"x\":172,\"y\":401},{\"x\":172,\"y\":404},{\"x\":172,\"y\":406},{\"x\":172,\"y\":409},{\"x\":172,\"y\":411},{\"x\":172,\"y\":413},{\"x\":172,\"y\":415},{\"x\":172,\"y\":418},{\"x\":171,\"y\":420},{\"x\":171,\"y\":422},{\"x\":171,\"y\":423},{\"x\":171,\"y\":425},{\"x\":171,\"y\":426},{\"x\":171,\"y\":427},{\"x\":170,\"y\":428},{\"x\":170,\"y\":429},{\"x\":170,\"y\":429},{\"x\":170,\"y\":430},{\"x\":170,\"y\":431},{\"x\":170,\"y\":433},{\"x\":170,\"y\":434},{\"x\":170,\"y\":436},{\"x\":170,\"y\":438},{\"x\":170,\"y\":439},{\"x\":170,\"y\":441},{\"x\":170,\"y\":442},{\"x\":170,\"y\":443},{\"x\":170,\"y\":444},{\"x\":170,\"y\":445},{\"x\":170,\"y\":446},{\"x\":170,\"y\":447},{\"x\":170,\"y\":447},{\"x\":170,\"y\":448},{\"x\":170,\"y\":448},{\"x\":170,\"y\":449},{\"x\":170,\"y\":449},{\"x\":170,\"y\":450},{\"x\":170,\"y\":450},{\"x\":170,\"y\":450},{\"x\":170,\"y\":451},{\"x\":170,\"y\":451},{\"x\":170,\"y\":451},{\"x\":171,\"y\":451},{\"x\":171,\"y\":451},{\"x\":171,\"y\":451},{\"x\":171,\"y\":451},{\"x\":171,\"y\":451},{\"x\":172,\"y\":451},{\"x\":172,\"y\":452},{\"x\":172,\"y\":452},{\"x\":172,\"y\":453},{\"x\":172,\"y\":455},{\"x\":173,\"y\":456},{\"x\":173,\"y\":457},{\"x\":173,\"y\":459},{\"x\":174,\"y\":460},{\"x\":174,\"y\":462},{\"x\":174,\"y\":464},{\"x\":174,\"y\":465},{\"x\":175,\"y\":466},{\"x\":175,\"y\":468},{\"x\":176,\"y\":469},{\"x\":176,\"y\":470},{\"x\":177,\"y\":471},{\"x\":177,\"y\":472},{\"x\":178,\"y\":473},{\"x\":179,\"y\":474},{\"x\":180,\"y\":475},{\"x\":181,\"y\":477},{\"x\":182,\"y\":478},{\"x\":183,\"y\":479},{\"x\":184,\"y\":480},{\"x\":186,\"y\":482},{\"x\":187,\"y\":483},{\"x\":189,\"y\":484},{\"x\":191,\"y\":485},{\"x\":193,\"y\":487},{\"x\":194,\"y\":489},{\"x\":196,\"y\":490},{\"x\":198,\"y\":492},{\"x\":200,\"y\":493},{\"x\":201,\"y\":494},{\"x\":203,\"y\":495},{\"x\":205,\"y\":496},{\"x\":206,\"y\":497},{\"x\":208,\"y\":498},{\"x\":209,\"y\":499},{\"x\":211,\"y\":501},{\"x\":213,\"y\":502},{\"x\":215,\"y\":504},{\"x\":217,\"y\":505},{\"x\":218,\"y\":507},{\"x\":219,\"y\":508},{\"x\":220,\"y\":509},{\"x\":221,\"y\":510},{\"x\":222,\"y\":510},{\"x\":222,\"y\":511},{\"x\":223,\"y\":512},{\"x\":224,\"y\":513},{\"x\":224,\"y\":513},{\"x\":225,\"y\":514},{\"x\":225,\"y\":514},{\"x\":226,\"y\":514},{\"x\":226,\"y\":515},{\"x\":227,\"y\":515},{\"x\":227,\"y\":515},{\"x\":228,\"y\":515},{\"x\":229,\"y\":515},{\"x\":230,\"y\":515},{\"x\":232,\"y\":515},{\"x\":233,\"y\":515},{\"x\":235,\"y\":515},{\"x\":237,\"y\":515},{\"x\":239,\"y\":515},{\"x\":240,\"y\":515},{\"x\":242,\"y\":514},{\"x\":244,\"y\":514},{\"x\":245,\"y\":514},{\"x\":247,\"y\":514},{\"x\":248,\"y\":514},{\"x\":249,\"y\":514},{\"x\":250,\"y\":514},{\"x\":252,\"y\":514},{\"x\":253,\"y\":513},{\"x\":254,\"y\":513},{\"x\":255,\"y\":513},{\"x\":256,\"y\":513},{\"x\":257,\"y\":513},{\"x\":258,\"y\":513},{\"x\":259,\"y\":513},{\"x\":260,\"y\":513},{\"x\":261,\"y\":513},{\"x\":262,\"y\":513},{\"x\":264,\"y\":513},{\"x\":265,\"y\":513},{\"x\":266,\"y\":512},{\"x\":267,\"y\":512},{\"x\":268,\"y\":512},{\"x\":270,\"y\":512},{\"x\":271,\"y\":512},{\"x\":273,\"y\":512},{\"x\":274,\"y\":512},{\"x\":276,\"y\":512},{\"x\":277,\"y\":512},{\"x\":279,\"y\":512},{\"x\":280,\"y\":511},{\"x\":282,\"y\":511},{\"x\":283,\"y\":511},{\"x\":285,\"y\":511},{\"x\":287,\"y\":511},{\"x\":289,\"y\":511},{\"x\":291,\"y\":511},{\"x\":293,\"y\":511},{\"x\":294,\"y\":511},{\"x\":296,\"y\":510},{\"x\":298,\"y\":510},{\"x\":299,\"y\":510},{\"x\":301,\"y\":510},{\"x\":303,\"y\":509},{\"x\":305,\"y\":509},{\"x\":307,\"y\":509},{\"x\":310,\"y\":508},{\"x\":313,\"y\":508},{\"x\":316,\"y\":508},{\"x\":320,\"y\":507},{\"x\":323,\"y\":507},{\"x\":326,\"y\":506},{\"x\":329,\"y\":506},{\"x\":333,\"y\":506},{\"x\":336,\"y\":505},{\"x\":340,\"y\":505},{\"x\":345,\"y\":505},{\"x\":349,\"y\":504},{\"x\":354,\"y\":504},{\"x\":359,\"y\":503},{\"x\":365,\"y\":502},{\"x\":371,\"y\":501},{\"x\":379,\"y\":501},{\"x\":386,\"y\":500},{\"x\":393,\"y\":500},{\"x\":400,\"y\":499},{\"x\":408,\"y\":499},{\"x\":415,\"y\":499},{\"x\":421,\"y\":498},{\"x\":426,\"y\":498},{\"x\":432,\"y\":498},{\"x\":438,\"y\":498},{\"x\":443,\"y\":498},{\"x\":448,\"y\":498},{\"x\":453,\"y\":498},{\"x\":457,\"y\":498},{\"x\":461,\"y\":497},{\"x\":464,\"y\":497},{\"x\":468,\"y\":497},{\"x\":472,\"y\":497},{\"x\":476,\"y\":497},{\"x\":480,\"y\":497},{\"x\":484,\"y\":497},{\"x\":488,\"y\":497},{\"x\":491,\"y\":497},{\"x\":495,\"y\":497},{\"x\":498,\"y\":497},{\"x\":501,\"y\":497},{\"x\":504,\"y\":497},{\"x\":507,\"y\":497},{\"x\":510,\"y\":497},{\"x\":514,\"y\":497},{\"x\":517,\"y\":497},{\"x\":521,\"y\":497},{\"x\":524,\"y\":497},{\"x\":529,\"y\":496},{\"x\":534,\"y\":495},{\"x\":538,\"y\":494},{\"x\":543,\"y\":494},{\"x\":548,\"y\":493},{\"x\":552,\"y\":492},{\"x\":557,\"y\":492},{\"x\":563,\"y\":491},{\"x\":569,\"y\":490},{\"x\":575,\"y\":489},{\"x\":581,\"y\":489},{\"x\":586,\"y\":489},{\"x\":593,\"y\":488},{\"x\":601,\"y\":488},{\"x\":608,\"y\":488},{\"x\":614,\"y\":488},{\"x\":621,\"y\":488},{\"x\":629,\"y\":488},{\"x\":635,\"y\":488},{\"x\":640,\"y\":488},{\"x\":647,\"y\":488},{\"x\":654,\"y\":488},{\"x\":661,\"y\":489},{\"x\":668,\"y\":490},{\"x\":674,\"y\":490},{\"x\":681,\"y\":491},{\"x\":689,\"y\":491},{\"x\":699,\"y\":491},{\"x\":719,\"y\":490}],\"color\":\"#16da75\",\"size\":\"1\"}]', '2023-12-01', 'joan@gmail.com', 1),
(19, 42, '[{\"type\":\"cuadrado\",\"color\":\"#000000\",\"rellenoFigura\":false,\"size\":\"50\",\"centerX\":201,\"centerY\":273},{\"type\":\"cuadrado\",\"color\":\"#000000\",\"rellenoFigura\":false,\"size\":\"50\",\"centerX\":194,\"centerY\":428},{\"type\":\"cuadrado\",\"color\":\"#000000\",\"rellenoFigura\":true,\"size\":\"50\",\"centerX\":302,\"centerY\":459}]', '[]', '2023-12-01', 'aina@gmail.com', 1),
(21, 44, '[]', '[{\"puntos\":[{\"x\":221,\"y\":313},{\"x\":221,\"y\":314},{\"x\":221,\"y\":317},{\"x\":221,\"y\":321},{\"x\":224,\"y\":328},{\"x\":229,\"y\":335},{\"x\":239,\"y\":343},{\"x\":253,\"y\":353},{\"x\":270,\"y\":361},{\"x\":294,\"y\":368},{\"x\":324,\"y\":373},{\"x\":357,\"y\":375},{\"x\":390,\"y\":374},{\"x\":419,\"y\":367},{\"x\":441,\"y\":354},{\"x\":461,\"y\":332},{\"x\":485,\"y\":293},{\"x\":510,\"y\":243},{\"x\":531,\"y\":189},{\"x\":546,\"y\":141},{\"x\":556,\"y\":101},{\"x\":560,\"y\":75},{\"x\":561,\"y\":62},{\"x\":561,\"y\":52},{\"x\":561,\"y\":50},{\"x\":559,\"y\":50},{\"x\":558,\"y\":50},{\"x\":557,\"y\":51},{\"x\":556,\"y\":52},{\"x\":556,\"y\":53},{\"x\":556,\"y\":54},{\"x\":556,\"y\":55},{\"x\":556,\"y\":55},{\"x\":556,\"y\":56}],\"color\":\"#000000\",\"size\":\"50\"},{\"puntos\":[{\"x\":213,\"y\":96},{\"x\":215,\"y\":96},{\"x\":218,\"y\":96},{\"x\":225,\"y\":96},{\"x\":243,\"y\":99},{\"x\":271,\"y\":108},{\"x\":310,\"y\":124},{\"x\":361,\"y\":148},{\"x\":417,\"y\":177},{\"x\":476,\"y\":207},{\"x\":534,\"y\":237},{\"x\":579,\"y\":259},{\"x\":610,\"y\":275},{\"x\":634,\"y\":289},{\"x\":650,\"y\":298},{\"x\":659,\"y\":304},{\"x\":664,\"y\":307},{\"x\":667,\"y\":309},{\"x\":668,\"y\":310},{\"x\":668,\"y\":310}],\"color\":\"#000000\",\"size\":\"50\"}]', '2023-12-01', 'joan@gmail.com', 1),
(22, 45, '[]', '[{\"puntos\":[{\"x\":61,\"y\":371},{\"x\":62,\"y\":371},{\"x\":66,\"y\":372},{\"x\":76,\"y\":373},{\"x\":92,\"y\":376},{\"x\":119,\"y\":380},{\"x\":154,\"y\":382},{\"x\":195,\"y\":382},{\"x\":240,\"y\":382},{\"x\":288,\"y\":382},{\"x\":330,\"y\":381},{\"x\":359,\"y\":378},{\"x\":380,\"y\":374},{\"x\":394,\"y\":368},{\"x\":401,\"y\":358},{\"x\":405,\"y\":343},{\"x\":406,\"y\":323},{\"x\":408,\"y\":299},{\"x\":412,\"y\":271},{\"x\":417,\"y\":241},{\"x\":421,\"y\":212},{\"x\":423,\"y\":187},{\"x\":423,\"y\":163},{\"x\":423,\"y\":145},{\"x\":423,\"y\":132},{\"x\":420,\"y\":123},{\"x\":417,\"y\":116},{\"x\":412,\"y\":113},{\"x\":407,\"y\":112},{\"x\":401,\"y\":112},{\"x\":391,\"y\":115},{\"x\":380,\"y\":119},{\"x\":368,\"y\":125},{\"x\":346,\"y\":138},{\"x\":321,\"y\":156},{\"x\":304,\"y\":172},{\"x\":291,\"y\":189},{\"x\":282,\"y\":206},{\"x\":279,\"y\":224},{\"x\":278,\"y\":247},{\"x\":278,\"y\":276},{\"x\":278,\"y\":309},{\"x\":281,\"y\":335},{\"x\":287,\"y\":360},{\"x\":296,\"y\":385},{\"x\":305,\"y\":403},{\"x\":316,\"y\":417},{\"x\":331,\"y\":430},{\"x\":346,\"y\":440},{\"x\":363,\"y\":448},{\"x\":386,\"y\":458},{\"x\":415,\"y\":469},{\"x\":452,\"y\":480},{\"x\":493,\"y\":490},{\"x\":529,\"y\":496},{\"x\":556,\"y\":498},{\"x\":575,\"y\":498},{\"x\":587,\"y\":498},{\"x\":594,\"y\":497},{\"x\":597,\"y\":495},{\"x\":599,\"y\":494},{\"x\":600,\"y\":493},{\"x\":600,\"y\":492},{\"x\":601,\"y\":492},{\"x\":601,\"y\":492},{\"x\":600,\"y\":492}],\"color\":\"#000000\",\"size\":\"50\"}]', '2023-12-01', 'joan@gmail.com', 1),
(23, 46, '[]', '[{\"puntos\":[{\"x\":160,\"y\":458},{\"x\":162,\"y\":457},{\"x\":164,\"y\":457},{\"x\":172,\"y\":457},{\"x\":196,\"y\":457},{\"x\":236,\"y\":457},{\"x\":284,\"y\":457},{\"x\":336,\"y\":457},{\"x\":388,\"y\":451},{\"x\":431,\"y\":438},{\"x\":469,\"y\":419},{\"x\":497,\"y\":400},{\"x\":511,\"y\":387},{\"x\":519,\"y\":377},{\"x\":522,\"y\":370},{\"x\":522,\"y\":368},{\"x\":522,\"y\":368},{\"x\":522,\"y\":372},{\"x\":522,\"y\":379},{\"x\":522,\"y\":386},{\"x\":522,\"y\":392},{\"x\":522,\"y\":398},{\"x\":525,\"y\":401},{\"x\":529,\"y\":402},{\"x\":538,\"y\":402},{\"x\":551,\"y\":398},{\"x\":565,\"y\":393},{\"x\":575,\"y\":389},{\"x\":582,\"y\":387},{\"x\":586,\"y\":386},{\"x\":587,\"y\":387},{\"x\":587,\"y\":391},{\"x\":586,\"y\":397},{\"x\":586,\"y\":406},{\"x\":586,\"y\":414},{\"x\":589,\"y\":423},{\"x\":592,\"y\":430},{\"x\":595,\"y\":434},{\"x\":598,\"y\":438},{\"x\":601,\"y\":440},{\"x\":603,\"y\":441},{\"x\":608,\"y\":441},{\"x\":615,\"y\":441},{\"x\":627,\"y\":440},{\"x\":641,\"y\":439},{\"x\":653,\"y\":438},{\"x\":662,\"y\":437},{\"x\":667,\"y\":438},{\"x\":670,\"y\":440},{\"x\":671,\"y\":443},{\"x\":671,\"y\":448},{\"x\":670,\"y\":455},{\"x\":669,\"y\":463},{\"x\":668,\"y\":471},{\"x\":667,\"y\":478},{\"x\":667,\"y\":484},{\"x\":666,\"y\":490},{\"x\":665,\"y\":493},{\"x\":664,\"y\":495},{\"x\":664,\"y\":495}],\"color\":\"#000000\",\"size\":\"50\"},{\"puntos\":[{\"x\":229,\"y\":268}],\"color\":\"#000000\",\"size\":\"50\"},{\"puntos\":[],\"color\":\"#000000\",\"size\":\"50\"}]', '2023-12-01', 'francisca@gmail.com', 1);

--
-- Índices para tablas volcadas
--

--
-- Indices de la tabla `Canvas`
--
ALTER TABLE `Canvas`
  ADD PRIMARY KEY (`idObjectes`),
  ADD KEY `user_id` (`user_id`),
  ADD KEY `user_email` (`user_email`);

--
-- Indices de la tabla `Permission`
--
ALTER TABLE `Permission`
  ADD KEY `idCanvas` (`idCanvas`),
  ADD KEY `idUser` (`idUser`);

--
-- Indices de la tabla `user`
--
ALTER TABLE `user`
  ADD PRIMARY KEY (`id`),
  ADD UNIQUE KEY `email` (`email`),
  ADD UNIQUE KEY `email_2` (`email`);

--
-- Indices de la tabla `Version`
--
ALTER TABLE `Version`
  ADD PRIMARY KEY (`idVersion`),
  ADD KEY `idDraw` (`idDraw`),
  ADD KEY `Version_ibfk_2` (`user_email`);

--
-- AUTO_INCREMENT de las tablas volcadas
--

--
-- AUTO_INCREMENT de la tabla `Canvas`
--
ALTER TABLE `Canvas`
  MODIFY `idObjectes` int(11) NOT NULL AUTO_INCREMENT, AUTO_INCREMENT=48;

--
-- AUTO_INCREMENT de la tabla `user`
--
ALTER TABLE `user`
  MODIFY `id` int(11) NOT NULL AUTO_INCREMENT, AUTO_INCREMENT=7;

--
-- AUTO_INCREMENT de la tabla `Version`
--
ALTER TABLE `Version`
  MODIFY `idVersion` int(11) NOT NULL AUTO_INCREMENT, AUTO_INCREMENT=25;

--
-- Restricciones para tablas volcadas
--

--
-- Filtros para la tabla `Canvas`
--
ALTER TABLE `Canvas`
  ADD CONSTRAINT `Canvas_ibfk_1` FOREIGN KEY (`user_id`) REFERENCES `user` (`id`),
  ADD CONSTRAINT `Canvas_ibfk_2` FOREIGN KEY (`user_email`) REFERENCES `user` (`email`);

--
-- Filtros para la tabla `Permission`
--
ALTER TABLE `Permission`
  ADD CONSTRAINT `Permission_ibfk_1` FOREIGN KEY (`idCanvas`) REFERENCES `Canvas` (`idObjectes`),
  ADD CONSTRAINT `Permission_ibfk_2` FOREIGN KEY (`idUser`) REFERENCES `user` (`id`);

--
-- Filtros para la tabla `Version`
--
ALTER TABLE `Version`
  ADD CONSTRAINT `Version_ibfk_1` FOREIGN KEY (`idDraw`) REFERENCES `Canvas` (`idObjectes`),
  ADD CONSTRAINT `Version_ibfk_2` FOREIGN KEY (`user_email`) REFERENCES `user` (`email`);
COMMIT;

/*!40101 SET CHARACTER_SET_CLIENT=@OLD_CHARACTER_SET_CLIENT */;
/*!40101 SET CHARACTER_SET_RESULTS=@OLD_CHARACTER_SET_RESULTS */;
/*!40101 SET COLLATION_CONNECTION=@OLD_COLLATION_CONNECTION */;
