-- phpMyAdmin SQL Dump
-- version 5.2.1
-- https://www.phpmyadmin.net/
--
-- Servidor: db:3306
-- Tiempo de generación: 04-12-2023 a las 15:47:23
-- Versión del servidor: 5.7.44
-- Versión de PHP: 8.2.8

SET SQL_MODE = "NO_AUTO_VALUE_ON_ZERO";
START TRANSACTION;
SET time_zone = "+00:00";


/*!40101 SET @OLD_CHARACTER_SET_CLIENT=@@CHARACTER_SET_CLIENT */;
/*!40101 SET @OLD_CHARACTER_SET_RESULTS=@@CHARACTER_SET_RESULTS */;
/*!40101 SET @OLD_COLLATION_CONNECTION=@@COLLATION_CONNECTION */;
/*!40101 SET NAMES utf8mb4 */;

--
-- Base de datos: `drawing`
--

-- --------------------------------------------------------

--
-- Estructura de tabla para la tabla `Canvas`
--

CREATE TABLE `Canvas` (
  `idObjectes` int(11) NOT NULL,
  `nameCanvas` varchar(255) DEFAULT NULL,
  `user_id` int(11) DEFAULT NULL,
  `dataCreacio` datetime DEFAULT NULL,
  `user_email` varchar(255) NOT NULL,
  `trash` tinyint(1) DEFAULT NULL,
  `public` tinyint(1) DEFAULT NULL
) ENGINE=InnoDB DEFAULT CHARSET=latin1;

--
-- Volcado de datos para la tabla `Canvas`
--

INSERT INTO `Canvas` (`idObjectes`, `nameCanvas`, `user_id`, `dataCreacio`, `user_email`, `trash`, `public`) VALUES
(56, 'Mi canvas', NULL, '2023-12-01 15:54:55', 'aina@gmail.com', 0, 1),
(57, 'Mi canvasprov', NULL, '2023-12-01 15:55:11', 'aina@gmail.com', 0, 1),
(58, 'pub', NULL, '2023-12-01 15:55:21', 'aina@gmail.com', 1, 0),
(59, 'no se ha de veure', NULL, '2023-12-01 15:56:01', 'joan@gmail.com', 0, 0),
(60, 'Image46842', NULL, '2023-12-01 15:57:33', 'aina@gmail.com', 1, 0),
(62, 'no puclic', NULL, '2023-12-01 16:30:24', 'joan@gmail.com', 0, 0),
(64, 'Image92189', NULL, '2023-12-01 16:31:30', 'francisca@gmail.com', 0, 0),
(65, 'smile', NULL, '2023-12-01 17:06:07', 'francisca@gmail.com', 0, 1),
(68, 'Aposta per permisos de joan', NULL, '2023-12-02 13:52:14', 'joan@gmail.com', 0, 0),
(69, 'Image4949', NULL, '2023-12-02 18:37:43', 'joan@gmail.com', 0, 0),
(71, 'Image24593', NULL, '2023-12-02 19:09:39', 'joan@gmail.com', 0, 0),
(72, 'modificat', NULL, '2023-12-02 19:10:10', 'joan@gmail.com', 0, 0),
(73, 'Image94761', NULL, '2023-12-02 19:10:53', 'joan@gmail.com', 0, 0),
(74, 'Image35076', NULL, '2023-12-02 19:19:54', 'joan@gmail.com', 0, 0),
(75, 'modifica la prova', NULL, '2023-12-03 09:41:17', 'joan@gmail.com', 1, 0),
(77, 'banderaJapopriv', NULL, '2023-12-03 09:51:38', 'joan@gmail.com', 0, 0),
(78, 'cercle priv', NULL, '2023-12-03 10:04:51', 'joan@gmail.com', 0, 0),
(79, 'Mi canvas priv', NULL, '2023-12-03 10:24:49', 'aina@gmail.com', 0, 0),
(80, 'lazoPriv', NULL, '2023-12-03 10:39:05', 'aina@gmail.com', 0, 0),
(81, 'woepriv', NULL, '2023-12-03 10:49:08', 'aina@gmail.com', 0, 0),
(82, 'per fer probas', NULL, '2023-12-03 12:05:03', 'joan@gmail.com', 0, 0),
(83, 'sensePublic', NULL, '2023-12-03 16:26:53', 'jj@gmail.com', 1, 0),
(84, 'cara para modificar', NULL, '2023-12-04 11:06:55', 'francisca@gmail.com', 0, 0),
(89, 'cara para modificar', NULL, '2023-12-04 12:34:01', 'francisca@gmail.com', 1, 0),
(90, 'cara para modificar', NULL, '2023-12-04 12:37:34', 'francisca@gmail.com', 0, 0),
(91, 'cara para modificar', NULL, '2023-12-04 12:50:31', 'francisca@gmail.com', 0, 0);

-- --------------------------------------------------------

--
-- Estructura de tabla para la tabla `Permission`
--

CREATE TABLE `Permission` (
  `idCanvas` int(11) NOT NULL,
  `permissionType` varchar(1) NOT NULL,
  `user_email` varchar(255) NOT NULL
) ENGINE=InnoDB DEFAULT CHARSET=latin1;

--
-- Volcado de datos para la tabla `Permission`
--

INSERT INTO `Permission` (`idCanvas`, `permissionType`, `user_email`) VALUES
(59, 'R', 'francisca@gmail.com'),
(74, 'W', 'francisca@gmail.com'),
(75, 'R', 'francisca@gmail.com'),
(77, 'R', 'francisca@gmail.com'),
(77, 'R', 'francisca@gmail.com'),
(80, 'R', 'joan@gmail.com'),
(80, 'W', 'joan@gmail.com'),
(81, 'R', 'joan@gmail.com'),
(83, 'R', 'joan@gmail.com'),
(82, 'R', 'jj@gmail.com'),
(56, 'R', 'aina@gmail.com');

-- --------------------------------------------------------

--
-- Estructura de tabla para la tabla `user`
--

CREATE TABLE `user` (
  `id` int(11) NOT NULL,
  `name` varchar(100) NOT NULL,
  `email` varchar(255) NOT NULL,
  `password` varchar(255) NOT NULL
) ENGINE=InnoDB DEFAULT CHARSET=latin1;

--
-- Volcado de datos para la tabla `user`
--

INSERT INTO `user` (`id`, `name`, `email`, `password`) VALUES
(4, 'joan', 'joan@gmail.com', '2e80a184267270fc8a50f3f9aef3902e'),
(5, 'Francisca', 'francisca@gmail.com', '2e80a184267270fc8a50f3f9aef3902e'),
(6, 'Aina', 'aina@gmail.com', '2e80a184267270fc8a50f3f9aef3902e'),
(9, 'jose', 'jj@gmail.com', '370bec3471ae0e73d2a22e3dd333ae5f');

-- --------------------------------------------------------

--
-- Estructura de tabla para la tabla `Version`
--

CREATE TABLE `Version` (
  `idVersion` int(11) NOT NULL,
  `idDraw` int(11) NOT NULL,
  `figuresJSON` text NOT NULL,
  `strokesJSON` text NOT NULL,
  `dateLastModified` date NOT NULL,
  `user_email` varchar(255) NOT NULL,
  `numberObject` int(11) NOT NULL
) ENGINE=InnoDB DEFAULT CHARSET=latin1;

--
-- Volcado de datos para la tabla `Version`
--

INSERT INTO `Version` (`idVersion`, `idDraw`, `figuresJSON`, `strokesJSON`, `dateLastModified`, `user_email`, `numberObject`) VALUES
(33, 56, '[{\"type\":\"circulo\",\"color\":\"#000000\",\"rellenoFigura\":false,\"size\":\"50\",\"centerX\":71,\"centerY\":416}]', '[{\"puntos\":[{\"x\":154,\"y\":237},{\"x\":154,\"y\":237},{\"x\":155,\"y\":239},{\"x\":158,\"y\":243},{\"x\":163,\"y\":249},{\"x\":171,\"y\":259},{\"x\":182,\"y\":271},{\"x\":193,\"y\":282},{\"x\":204,\"y\":296},{\"x\":218,\"y\":312},{\"x\":230,\"y\":325},{\"x\":242,\"y\":336},{\"x\":259,\"y\":347},{\"x\":278,\"y\":355},{\"x\":302,\"y\":358},{\"x\":331,\"y\":359},{\"x\":370,\"y\":357},{\"x\":408,\"y\":348},{\"x\":446,\"y\":327},{\"x\":486,\"y\":295},{\"x\":515,\"y\":263},{\"x\":540,\"y\":229},{\"x\":565,\"y\":192},{\"x\":581,\"y\":165},{\"x\":597,\"y\":148},{\"x\":593,\"y\":160},{\"x\":585,\"y\":184},{\"x\":572,\"y\":227},{\"x\":556,\"y\":283},{\"x\":543,\"y\":333},{\"x\":531,\"y\":375},{\"x\":520,\"y\":407},{\"x\":512,\"y\":425},{\"x\":506,\"y\":436},{\"x\":501,\"y\":442},{\"x\":498,\"y\":445},{\"x\":497,\"y\":446},{\"x\":496,\"y\":446},{\"x\":495,\"y\":446},{\"x\":495,\"y\":446},{\"x\":495,\"y\":446},{\"x\":495,\"y\":446},{\"x\":494,\"y\":446},{\"x\":494,\"y\":446},{\"x\":493,\"y\":446},{\"x\":492,\"y\":446},{\"x\":480,\"y\":447},{\"x\":448,\"y\":455},{\"x\":396,\"y\":473},{\"x\":333,\"y\":496},{\"x\":269,\"y\":518},{\"x\":223,\"y\":531},{\"x\":195,\"y\":536},{\"x\":177,\"y\":538},{\"x\":166,\"y\":538},{\"x\":162,\"y\":537},{\"x\":161,\"y\":535},{\"x\":161,\"y\":533},{\"x\":163,\"y\":530},{\"x\":166,\"y\":526},{\"x\":169,\"y\":522},{\"x\":174,\"y\":512},{\"x\":180,\"y\":497},{\"x\":187,\"y\":477},{\"x\":196,\"y\":451},{\"x\":204,\"y\":427},{\"x\":211,\"y\":407},{\"x\":220,\"y\":388},{\"x\":230,\"y\":373},{\"x\":240,\"y\":360},{\"x\":251,\"y\":350},{\"x\":261,\"y\":342},{\"x\":269,\"y\":337},{\"x\":275,\"y\":335},{\"x\":280,\"y\":333},{\"x\":282,\"y\":333},{\"x\":283,\"y\":333},{\"x\":284,\"y\":333},{\"x\":284,\"y\":334},{\"x\":285,\"y\":335},{\"x\":285,\"y\":336},{\"x\":285,\"y\":336},{\"x\":286,\"y\":336},{\"x\":289,\"y\":336},{\"x\":294,\"y\":336},{\"x\":304,\"y\":335},{\"x\":319,\"y\":335},{\"x\":335,\"y\":338},{\"x\":348,\"y\":345},{\"x\":358,\"y\":355},{\"x\":365,\"y\":365},{\"x\":369,\"y\":374},{\"x\":373,\"y\":381},{\"x\":378,\"y\":388},{\"x\":386,\"y\":394},{\"x\":400,\"y\":400},{\"x\":420,\"y\":405},{\"x\":444,\"y\":411},{\"x\":470,\"y\":416},{\"x\":497,\"y\":422},{\"x\":522,\"y\":427},{\"x\":547,\"y\":432},{\"x\":573,\"y\":436},{\"x\":599,\"y\":440},{\"x\":631,\"y\":444},{\"x\":701,\"y\":468}],\"color\":\"#000000\",\"size\":\"50\"}]', '2023-12-01', 'aina@gmail.com', 1),
(34, 57, '[{\"type\":\"cuadrado\",\"color\":\"#000000\",\"rellenoFigura\":false,\"size\":\"50\",\"centerX\":185,\"centerY\":346},{\"type\":\"cuadrado\",\"color\":\"#000000\",\"rellenoFigura\":false,\"size\":\"50\",\"centerX\":330,\"centerY\":347},{\"type\":\"cuadrado\",\"color\":\"#000000\",\"rellenoFigura\":false,\"size\":\"50\",\"centerX\":245,\"centerY\":452},{\"type\":\"cuadrado\",\"color\":\"#cf1717\",\"rellenoFigura\":false,\"size\":\"50\",\"centerX\":400,\"centerY\":426},{\"type\":\"cuadrado\",\"color\":\"#cf1717\",\"rellenoFigura\":true,\"size\":\"50\",\"centerX\":465,\"centerY\":296}]', '[]', '2023-12-01', 'aina@gmail.com', 1),
(35, 58, '[{\"type\":\"circulo\",\"color\":\"#000000\",\"rellenoFigura\":false,\"size\":\"50\",\"centerX\":196,\"centerY\":432}]', '[]', '2023-12-01', 'aina@gmail.com', 1),
(36, 59, '[]', '[{\"puntos\":[{\"x\":157,\"y\":322},{\"x\":158,\"y\":322},{\"x\":158,\"y\":323},{\"x\":158,\"y\":325},{\"x\":158,\"y\":330},{\"x\":161,\"y\":337},{\"x\":169,\"y\":346},{\"x\":181,\"y\":356},{\"x\":199,\"y\":364},{\"x\":230,\"y\":370},{\"x\":273,\"y\":372},{\"x\":322,\"y\":371},{\"x\":382,\"y\":363},{\"x\":450,\"y\":343},{\"x\":514,\"y\":314},{\"x\":567,\"y\":278},{\"x\":603,\"y\":244},{\"x\":628,\"y\":199},{\"x\":645,\"y\":157},{\"x\":652,\"y\":130},{\"x\":656,\"y\":111},{\"x\":657,\"y\":98},{\"x\":658,\"y\":90},{\"x\":657,\"y\":86},{\"x\":651,\"y\":82},{\"x\":637,\"y\":78},{\"x\":617,\"y\":71},{\"x\":594,\"y\":64},{\"x\":577,\"y\":58},{\"x\":560,\"y\":53},{\"x\":539,\"y\":50},{\"x\":515,\"y\":49},{\"x\":487,\"y\":50},{\"x\":458,\"y\":57},{\"x\":431,\"y\":69},{\"x\":409,\"y\":84},{\"x\":390,\"y\":103},{\"x\":374,\"y\":126},{\"x\":360,\"y\":154},{\"x\":348,\"y\":184},{\"x\":339,\"y\":218},{\"x\":335,\"y\":255},{\"x\":335,\"y\":290},{\"x\":339,\"y\":322},{\"x\":352,\"y\":347},{\"x\":371,\"y\":366},{\"x\":402,\"y\":382},{\"x\":443,\"y\":394},{\"x\":491,\"y\":400},{\"x\":548,\"y\":401},{\"x\":608,\"y\":399},{\"x\":655,\"y\":393},{\"x\":688,\"y\":384},{\"x\":710,\"y\":377},{\"x\":725,\"y\":372},{\"x\":733,\"y\":368},{\"x\":736,\"y\":367},{\"x\":737,\"y\":367},{\"x\":737,\"y\":367},{\"x\":736,\"y\":366}],\"color\":\"#000000\",\"size\":\"50\"},{\"puntos\":[{\"x\":164,\"y\":351}],\"color\":\"#000000\",\"size\":\"50\"},{\"puntos\":[{\"x\":144,\"y\":470}],\"color\":\"#000000\",\"size\":\"50\"},{\"puntos\":[{\"x\":100,\"y\":482},{\"x\":100,\"y\":482},{\"x\":99,\"y\":482},{\"x\":98,\"y\":482},{\"x\":97,\"y\":482},{\"x\":96,\"y\":480},{\"x\":93,\"y\":474},{\"x\":89,\"y\":461},{\"x\":84,\"y\":440},{\"x\":78,\"y\":413},{\"x\":72,\"y\":383},{\"x\":68,\"y\":354},{\"x\":67,\"y\":326},{\"x\":67,\"y\":298},{\"x\":68,\"y\":276},{\"x\":70,\"y\":259},{\"x\":73,\"y\":246},{\"x\":76,\"y\":239},{\"x\":78,\"y\":234},{\"x\":79,\"y\":231},{\"x\":80,\"y\":230},{\"x\":81,\"y\":230},{\"x\":82,\"y\":230},{\"x\":83,\"y\":230},{\"x\":83,\"y\":231},{\"x\":84,\"y\":231},{\"x\":84,\"y\":232},{\"x\":84,\"y\":232},{\"x\":84,\"y\":233},{\"x\":84,\"y\":233},{\"x\":84,\"y\":234},{\"x\":83,\"y\":234}],\"color\":\"#000000\",\"size\":\"50\"}]', '2023-12-01', 'joan@gmail.com', 1),
(37, 60, '[{\"type\":\"cuadrado\",\"color\":\"#000000\",\"rellenoFigura\":false,\"size\":\"50\",\"centerX\":208,\"centerY\":400}]', '[]', '2023-12-01', 'aina@gmail.com', 1),
(39, 62, '[]', '[{\"puntos\":[{\"x\":124,\"y\":262},{\"x\":124,\"y\":262},{\"x\":124,\"y\":264},{\"x\":127,\"y\":269},{\"x\":133,\"y\":280},{\"x\":143,\"y\":297},{\"x\":157,\"y\":320},{\"x\":174,\"y\":344},{\"x\":192,\"y\":365},{\"x\":210,\"y\":381},{\"x\":227,\"y\":391},{\"x\":250,\"y\":397},{\"x\":275,\"y\":399},{\"x\":313,\"y\":394},{\"x\":352,\"y\":384},{\"x\":393,\"y\":363},{\"x\":434,\"y\":339},{\"x\":465,\"y\":315},{\"x\":498,\"y\":289},{\"x\":523,\"y\":270},{\"x\":539,\"y\":258},{\"x\":551,\"y\":250},{\"x\":558,\"y\":246},{\"x\":564,\"y\":244},{\"x\":567,\"y\":243},{\"x\":569,\"y\":242},{\"x\":570,\"y\":242},{\"x\":570,\"y\":242},{\"x\":570,\"y\":241},{\"x\":566,\"y\":237}],\"color\":\"#000000\",\"size\":\"50\"}]', '2023-12-01', 'joan@gmail.com', 1),
(41, 64, '[]', '[{\"puntos\":[{\"x\":137,\"y\":237},{\"x\":137,\"y\":239},{\"x\":137,\"y\":245},{\"x\":137,\"y\":262},{\"x\":137,\"y\":286},{\"x\":137,\"y\":310},{\"x\":137,\"y\":328},{\"x\":137,\"y\":340},{\"x\":137,\"y\":348},{\"x\":137,\"y\":353},{\"x\":137,\"y\":355},{\"x\":137,\"y\":356},{\"x\":137,\"y\":356},{\"x\":137,\"y\":357},{\"x\":137,\"y\":358},{\"x\":137,\"y\":362},{\"x\":137,\"y\":367},{\"x\":138,\"y\":374},{\"x\":139,\"y\":381},{\"x\":141,\"y\":390},{\"x\":142,\"y\":399},{\"x\":144,\"y\":408},{\"x\":146,\"y\":418},{\"x\":149,\"y\":427},{\"x\":150,\"y\":434},{\"x\":152,\"y\":439},{\"x\":153,\"y\":442},{\"x\":154,\"y\":444},{\"x\":154,\"y\":444},{\"x\":154,\"y\":444},{\"x\":154,\"y\":442}],\"color\":\"#000000\",\"size\":\"50\"},{\"puntos\":[{\"x\":150,\"y\":257},{\"x\":150,\"y\":255},{\"x\":150,\"y\":250},{\"x\":150,\"y\":244},{\"x\":150,\"y\":235},{\"x\":150,\"y\":219},{\"x\":150,\"y\":201},{\"x\":150,\"y\":186},{\"x\":150,\"y\":174},{\"x\":150,\"y\":165},{\"x\":150,\"y\":160},{\"x\":150,\"y\":157},{\"x\":150,\"y\":156},{\"x\":150,\"y\":154},{\"x\":150,\"y\":151},{\"x\":150,\"y\":149},{\"x\":150,\"y\":146},{\"x\":150,\"y\":144},{\"x\":151,\"y\":143},{\"x\":151,\"y\":142},{\"x\":152,\"y\":142},{\"x\":153,\"y\":142},{\"x\":155,\"y\":142},{\"x\":157,\"y\":142},{\"x\":162,\"y\":142},{\"x\":169,\"y\":143},{\"x\":181,\"y\":143},{\"x\":199,\"y\":143},{\"x\":220,\"y\":143},{\"x\":244,\"y\":143},{\"x\":264,\"y\":143},{\"x\":282,\"y\":143},{\"x\":301,\"y\":146},{\"x\":316,\"y\":149},{\"x\":328,\"y\":153},{\"x\":336,\"y\":157},{\"x\":342,\"y\":161},{\"x\":347,\"y\":165},{\"x\":352,\"y\":170},{\"x\":354,\"y\":174},{\"x\":356,\"y\":179},{\"x\":356,\"y\":183},{\"x\":356,\"y\":187},{\"x\":354,\"y\":192},{\"x\":349,\"y\":199},{\"x\":337,\"y\":212},{\"x\":317,\"y\":231},{\"x\":287,\"y\":256},{\"x\":258,\"y\":279},{\"x\":239,\"y\":293},{\"x\":223,\"y\":303},{\"x\":213,\"y\":309},{\"x\":206,\"y\":312},{\"x\":202,\"y\":312},{\"x\":197,\"y\":312},{\"x\":191,\"y\":312},{\"x\":184,\"y\":312},{\"x\":178,\"y\":312},{\"x\":172,\"y\":312},{\"x\":169,\"y\":312},{\"x\":167,\"y\":312},{\"x\":166,\"y\":312},{\"x\":165,\"y\":312},{\"x\":165,\"y\":311},{\"x\":165,\"y\":310}],\"color\":\"#000000\",\"size\":\"50\"},{\"puntos\":[{\"x\":354,\"y\":238},{\"x\":354,\"y\":237},{\"x\":354,\"y\":238},{\"x\":354,\"y\":243},{\"x\":354,\"y\":258},{\"x\":354,\"y\":279},{\"x\":354,\"y\":303},{\"x\":354,\"y\":325},{\"x\":355,\"y\":339},{\"x\":359,\"y\":352},{\"x\":367,\"y\":361},{\"x\":380,\"y\":369},{\"x\":396,\"y\":372},{\"x\":414,\"y\":374},{\"x\":430,\"y\":374},{\"x\":443,\"y\":372},{\"x\":455,\"y\":368},{\"x\":464,\"y\":361},{\"x\":469,\"y\":355},{\"x\":471,\"y\":346},{\"x\":472,\"y\":320},{\"x\":471,\"y\":279},{\"x\":470,\"y\":239},{\"x\":469,\"y\":205},{\"x\":469,\"y\":185},{\"x\":469,\"y\":172},{\"x\":469,\"y\":166},{\"x\":469,\"y\":165},{\"x\":470,\"y\":165},{\"x\":470,\"y\":166},{\"x\":470,\"y\":167},{\"x\":470,\"y\":168},{\"x\":470,\"y\":169}],\"color\":\"#000000\",\"size\":\"50\"},{\"puntos\":[{\"x\":569,\"y\":179},{\"x\":569,\"y\":179},{\"x\":569,\"y\":182},{\"x\":569,\"y\":189},{\"x\":569,\"y\":197},{\"x\":569,\"y\":215},{\"x\":569,\"y\":240},{\"x\":569,\"y\":260},{\"x\":569,\"y\":279},{\"x\":569,\"y\":295},{\"x\":569,\"y\":308},{\"x\":570,\"y\":319},{\"x\":570,\"y\":329},{\"x\":572,\"y\":337},{\"x\":573,\"y\":346},{\"x\":575,\"y\":353},{\"x\":576,\"y\":358},{\"x\":577,\"y\":362},{\"x\":578,\"y\":365},{\"x\":578,\"y\":366},{\"x\":579,\"y\":368},{\"x\":579,\"y\":370},{\"x\":579,\"y\":372},{\"x\":578,\"y\":374}],\"color\":\"#000000\",\"size\":\"50\"},{\"puntos\":[{\"x\":585,\"y\":191},{\"x\":585,\"y\":191},{\"x\":586,\"y\":191},{\"x\":590,\"y\":191},{\"x\":597,\"y\":191},{\"x\":604,\"y\":191},{\"x\":612,\"y\":191},{\"x\":621,\"y\":192},{\"x\":629,\"y\":194},{\"x\":636,\"y\":198},{\"x\":641,\"y\":202},{\"x\":646,\"y\":208},{\"x\":651,\"y\":214},{\"x\":654,\"y\":220},{\"x\":656,\"y\":226},{\"x\":658,\"y\":232},{\"x\":658,\"y\":237},{\"x\":657,\"y\":241},{\"x\":655,\"y\":245},{\"x\":647,\"y\":251},{\"x\":632,\"y\":261},{\"x\":612,\"y\":277},{\"x\":591,\"y\":293},{\"x\":576,\"y\":304},{\"x\":565,\"y\":312},{\"x\":558,\"y\":316},{\"x\":556,\"y\":318},{\"x\":556,\"y\":318},{\"x\":557,\"y\":317},{\"x\":560,\"y\":316},{\"x\":563,\"y\":315},{\"x\":567,\"y\":313},{\"x\":573,\"y\":311},{\"x\":581,\"y\":309},{\"x\":592,\"y\":308},{\"x\":605,\"y\":307},{\"x\":617,\"y\":307},{\"x\":629,\"y\":307},{\"x\":640,\"y\":308},{\"x\":648,\"y\":309},{\"x\":655,\"y\":311},{\"x\":661,\"y\":314},{\"x\":666,\"y\":317},{\"x\":669,\"y\":320},{\"x\":672,\"y\":324},{\"x\":674,\"y\":328},{\"x\":675,\"y\":334},{\"x\":676,\"y\":341},{\"x\":677,\"y\":347},{\"x\":677,\"y\":353},{\"x\":677,\"y\":358},{\"x\":677,\"y\":362},{\"x\":674,\"y\":366},{\"x\":671,\"y\":368},{\"x\":667,\"y\":370},{\"x\":659,\"y\":372},{\"x\":648,\"y\":375},{\"x\":637,\"y\":376},{\"x\":625,\"y\":378},{\"x\":616,\"y\":379},{\"x\":609,\"y\":380},{\"x\":602,\"y\":380},{\"x\":596,\"y\":381},{\"x\":592,\"y\":380},{\"x\":588,\"y\":379},{\"x\":585,\"y\":376},{\"x\":583,\"y\":374},{\"x\":581,\"y\":373},{\"x\":580,\"y\":372},{\"x\":580,\"y\":372},{\"x\":580,\"y\":371},{\"x\":580,\"y\":371},{\"x\":580,\"y\":371},{\"x\":582,\"y\":371}],\"color\":\"#000000\",\"size\":\"50\"}]', '2023-12-01', 'francisca@gmail.com', 1),
(42, 65, '[]', '[{\"puntos\":[{\"x\":240,\"y\":211},{\"x\":240,\"y\":212},{\"x\":240,\"y\":214},{\"x\":240,\"y\":221},{\"x\":240,\"y\":232},{\"x\":240,\"y\":247},{\"x\":240,\"y\":261},{\"x\":240,\"y\":274},{\"x\":242,\"y\":287},{\"x\":245,\"y\":299},{\"x\":248,\"y\":310},{\"x\":252,\"y\":319},{\"x\":257,\"y\":326},{\"x\":262,\"y\":331},{\"x\":269,\"y\":335},{\"x\":278,\"y\":340},{\"x\":289,\"y\":344},{\"x\":303,\"y\":348},{\"x\":320,\"y\":353},{\"x\":344,\"y\":356},{\"x\":372,\"y\":358},{\"x\":408,\"y\":358},{\"x\":446,\"y\":356},{\"x\":478,\"y\":349},{\"x\":505,\"y\":340},{\"x\":526,\"y\":329},{\"x\":544,\"y\":315},{\"x\":556,\"y\":301},{\"x\":565,\"y\":288},{\"x\":572,\"y\":275},{\"x\":577,\"y\":265},{\"x\":580,\"y\":258},{\"x\":583,\"y\":252},{\"x\":584,\"y\":249},{\"x\":584,\"y\":248},{\"x\":584,\"y\":248},{\"x\":583,\"y\":248}],\"color\":\"#000000\",\"size\":\"50\"},{\"puntos\":[{\"x\":237,\"y\":92},{\"x\":237,\"y\":92},{\"x\":237,\"y\":92},{\"x\":237,\"y\":92},{\"x\":240,\"y\":92},{\"x\":244,\"y\":92},{\"x\":250,\"y\":92},{\"x\":256,\"y\":92},{\"x\":261,\"y\":92},{\"x\":265,\"y\":90},{\"x\":267,\"y\":88},{\"x\":267,\"y\":84},{\"x\":267,\"y\":81},{\"x\":265,\"y\":79},{\"x\":262,\"y\":76},{\"x\":259,\"y\":75},{\"x\":256,\"y\":75},{\"x\":255,\"y\":75},{\"x\":254,\"y\":75},{\"x\":253,\"y\":77},{\"x\":252,\"y\":78},{\"x\":252,\"y\":81}],\"color\":\"#000000\",\"size\":\"50\"},{\"puntos\":[{\"x\":503,\"y\":98},{\"x\":503,\"y\":98},{\"x\":503,\"y\":98},{\"x\":504,\"y\":100},{\"x\":504,\"y\":101},{\"x\":506,\"y\":101},{\"x\":508,\"y\":102},{\"x\":511,\"y\":102},{\"x\":514,\"y\":102},{\"x\":518,\"y\":101},{\"x\":522,\"y\":99},{\"x\":526,\"y\":96},{\"x\":530,\"y\":93},{\"x\":532,\"y\":88},{\"x\":534,\"y\":84},{\"x\":534,\"y\":80},{\"x\":534,\"y\":76},{\"x\":534,\"y\":73},{\"x\":533,\"y\":71},{\"x\":531,\"y\":70},{\"x\":529,\"y\":70},{\"x\":525,\"y\":70},{\"x\":522,\"y\":71},{\"x\":519,\"y\":73},{\"x\":515,\"y\":75},{\"x\":513,\"y\":78},{\"x\":511,\"y\":80},{\"x\":510,\"y\":82},{\"x\":510,\"y\":84},{\"x\":510,\"y\":86},{\"x\":510,\"y\":89},{\"x\":511,\"y\":91},{\"x\":513,\"y\":93},{\"x\":514,\"y\":94},{\"x\":515,\"y\":95},{\"x\":516,\"y\":96},{\"x\":518,\"y\":96},{\"x\":519,\"y\":96},{\"x\":521,\"y\":96},{\"x\":522,\"y\":95},{\"x\":523,\"y\":93},{\"x\":524,\"y\":92}],\"color\":\"#000000\",\"size\":\"50\"}]', '2023-12-01', 'francisca@gmail.com', 1),
(45, 68, '[]', '[{\"puntos\":[{\"x\":196,\"y\":177},{\"x\":196,\"y\":177},{\"x\":196,\"y\":180},{\"x\":196,\"y\":189},{\"x\":196,\"y\":207},{\"x\":196,\"y\":239},{\"x\":196,\"y\":281},{\"x\":196,\"y\":330},{\"x\":196,\"y\":385},{\"x\":196,\"y\":429},{\"x\":196,\"y\":458},{\"x\":196,\"y\":475},{\"x\":196,\"y\":485},{\"x\":196,\"y\":490},{\"x\":196,\"y\":491},{\"x\":197,\"y\":491},{\"x\":199,\"y\":491},{\"x\":201,\"y\":491},{\"x\":205,\"y\":489},{\"x\":212,\"y\":487},{\"x\":225,\"y\":485},{\"x\":244,\"y\":482},{\"x\":267,\"y\":480},{\"x\":293,\"y\":477},{\"x\":320,\"y\":475},{\"x\":345,\"y\":472},{\"x\":365,\"y\":470},{\"x\":383,\"y\":468},{\"x\":401,\"y\":467},{\"x\":414,\"y\":466},{\"x\":423,\"y\":466},{\"x\":430,\"y\":466},{\"x\":434,\"y\":466},{\"x\":436,\"y\":465},{\"x\":437,\"y\":465},{\"x\":438,\"y\":465},{\"x\":438,\"y\":465}],\"color\":\"#000000\",\"size\":\"50\"},{\"puntos\":[{\"x\":209,\"y\":162},{\"x\":209,\"y\":162},{\"x\":213,\"y\":162},{\"x\":224,\"y\":162},{\"x\":245,\"y\":162},{\"x\":277,\"y\":162},{\"x\":316,\"y\":162},{\"x\":362,\"y\":162},{\"x\":402,\"y\":162},{\"x\":441,\"y\":162},{\"x\":479,\"y\":162},{\"x\":511,\"y\":162},{\"x\":534,\"y\":163},{\"x\":553,\"y\":166},{\"x\":569,\"y\":169},{\"x\":579,\"y\":171},{\"x\":586,\"y\":173},{\"x\":591,\"y\":174},{\"x\":595,\"y\":175},{\"x\":598,\"y\":176},{\"x\":600,\"y\":176},{\"x\":602,\"y\":177},{\"x\":603,\"y\":177},{\"x\":604,\"y\":177},{\"x\":605,\"y\":178},{\"x\":605,\"y\":178},{\"x\":605,\"y\":179},{\"x\":605,\"y\":180},{\"x\":605,\"y\":181},{\"x\":604,\"y\":183},{\"x\":602,\"y\":184},{\"x\":598,\"y\":188},{\"x\":590,\"y\":199},{\"x\":578,\"y\":218},{\"x\":563,\"y\":251},{\"x\":544,\"y\":295},{\"x\":528,\"y\":336},{\"x\":514,\"y\":374},{\"x\":502,\"y\":407},{\"x\":494,\"y\":434},{\"x\":488,\"y\":453},{\"x\":484,\"y\":469},{\"x\":482,\"y\":481},{\"x\":481,\"y\":492},{\"x\":480,\"y\":500},{\"x\":480,\"y\":507},{\"x\":479,\"y\":512},{\"x\":479,\"y\":516},{\"x\":479,\"y\":517},{\"x\":479,\"y\":518},{\"x\":479,\"y\":518},{\"x\":479,\"y\":518},{\"x\":479,\"y\":518},{\"x\":479,\"y\":517},{\"x\":479,\"y\":517},{\"x\":479,\"y\":516},{\"x\":478,\"y\":515},{\"x\":478,\"y\":515},{\"x\":478,\"y\":514},{\"x\":477,\"y\":513},{\"x\":476,\"y\":512},{\"x\":474,\"y\":510},{\"x\":470,\"y\":507},{\"x\":465,\"y\":505},{\"x\":456,\"y\":501},{\"x\":446,\"y\":498},{\"x\":433,\"y\":495},{\"x\":420,\"y\":491},{\"x\":408,\"y\":489},{\"x\":397,\"y\":486},{\"x\":388,\"y\":484},{\"x\":382,\"y\":483},{\"x\":377,\"y\":482},{\"x\":373,\"y\":481},{\"x\":371,\"y\":480},{\"x\":369,\"y\":480},{\"x\":369,\"y\":480},{\"x\":369,\"y\":479},{\"x\":369,\"y\":479},{\"x\":369,\"y\":479},{\"x\":369,\"y\":479},{\"x\":369,\"y\":479},{\"x\":369,\"y\":479},{\"x\":370,\"y\":479}],\"color\":\"#000000\",\"size\":\"50\"},{\"puntos\":[{\"x\":225,\"y\":183},{\"x\":226,\"y\":182},{\"x\":227,\"y\":182},{\"x\":229,\"y\":182},{\"x\":232,\"y\":182},{\"x\":235,\"y\":182},{\"x\":240,\"y\":182},{\"x\":245,\"y\":182},{\"x\":251,\"y\":182},{\"x\":257,\"y\":183},{\"x\":264,\"y\":184},{\"x\":271,\"y\":187},{\"x\":277,\"y\":190},{\"x\":283,\"y\":193},{\"x\":287,\"y\":197},{\"x\":291,\"y\":200},{\"x\":294,\"y\":204},{\"x\":296,\"y\":207},{\"x\":298,\"y\":211},{\"x\":298,\"y\":215},{\"x\":299,\"y\":219},{\"x\":299,\"y\":224},{\"x\":299,\"y\":230},{\"x\":299,\"y\":236},{\"x\":300,\"y\":243},{\"x\":301,\"y\":248},{\"x\":302,\"y\":254},{\"x\":303,\"y\":259},{\"x\":304,\"y\":264},{\"x\":305,\"y\":268},{\"x\":307,\"y\":272},{\"x\":308,\"y\":276},{\"x\":309,\"y\":279},{\"x\":311,\"y\":282},{\"x\":312,\"y\":285},{\"x\":313,\"y\":287},{\"x\":314,\"y\":289},{\"x\":315,\"y\":290},{\"x\":316,\"y\":291},{\"x\":316,\"y\":292},{\"x\":317,\"y\":293},{\"x\":317,\"y\":293},{\"x\":318,\"y\":293},{\"x\":318,\"y\":294},{\"x\":319,\"y\":294},{\"x\":319,\"y\":294},{\"x\":319,\"y\":294},{\"x\":319,\"y\":294},{\"x\":320,\"y\":294},{\"x\":320,\"y\":294},{\"x\":320,\"y\":294},{\"x\":320,\"y\":293},{\"x\":321,\"y\":293},{\"x\":321,\"y\":292},{\"x\":322,\"y\":291},{\"x\":322,\"y\":289},{\"x\":323,\"y\":286},{\"x\":324,\"y\":282},{\"x\":324,\"y\":277},{\"x\":325,\"y\":272},{\"x\":326,\"y\":266},{\"x\":328,\"y\":260},{\"x\":331,\"y\":253},{\"x\":335,\"y\":245},{\"x\":339,\"y\":237},{\"x\":343,\"y\":229},{\"x\":347,\"y\":221},{\"x\":351,\"y\":215},{\"x\":355,\"y\":211},{\"x\":358,\"y\":206},{\"x\":362,\"y\":203},{\"x\":365,\"y\":200},{\"x\":369,\"y\":198},{\"x\":374,\"y\":196},{\"x\":380,\"y\":193},{\"x\":386,\"y\":191},{\"x\":392,\"y\":188},{\"x\":399,\"y\":186},{\"x\":405,\"y\":184},{\"x\":411,\"y\":183},{\"x\":417,\"y\":182},{\"x\":422,\"y\":181},{\"x\":428,\"y\":181},{\"x\":434,\"y\":181},{\"x\":440,\"y\":181},{\"x\":446,\"y\":181},{\"x\":450,\"y\":183},{\"x\":456,\"y\":185},{\"x\":461,\"y\":188},{\"x\":466,\"y\":191},{\"x\":471,\"y\":194},{\"x\":476,\"y\":198},{\"x\":481,\"y\":202},{\"x\":484,\"y\":206},{\"x\":488,\"y\":210},{\"x\":491,\"y\":215},{\"x\":494,\"y\":220},{\"x\":496,\"y\":225},{\"x\":498,\"y\":229},{\"x\":500,\"y\":234},{\"x\":501,\"y\":239},{\"x\":501,\"y\":244},{\"x\":501,\"y\":250},{\"x\":501,\"y\":255},{\"x\":501,\"y\":261},{\"x\":501,\"y\":268},{\"x\":500,\"y\":277},{\"x\":498,\"y\":288},{\"x\":495,\"y\":300},{\"x\":492,\"y\":314},{\"x\":488,\"y\":329},{\"x\":483,\"y\":345},{\"x\":476,\"y\":363},{\"x\":471,\"y\":377},{\"x\":465,\"y\":390},{\"x\":458,\"y\":403},{\"x\":451,\"y\":413},{\"x\":446,\"y\":420},{\"x\":442,\"y\":426},{\"x\":439,\"y\":431},{\"x\":435,\"y\":434},{\"x\":432,\"y\":437},{\"x\":430,\"y\":439},{\"x\":429,\"y\":440},{\"x\":428,\"y\":441},{\"x\":428,\"y\":441},{\"x\":428,\"y\":441},{\"x\":428,\"y\":441},{\"x\":427,\"y\":441},{\"x\":427,\"y\":440},{\"x\":427,\"y\":439},{\"x\":427,\"y\":435}],\"color\":\"#000000\",\"size\":\"50\"},{\"puntos\":[{\"x\":212,\"y\":213},{\"x\":212,\"y\":214},{\"x\":212,\"y\":215},{\"x\":212,\"y\":218},{\"x\":212,\"y\":222},{\"x\":212,\"y\":230},{\"x\":212,\"y\":238},{\"x\":212,\"y\":246},{\"x\":212,\"y\":255},{\"x\":212,\"y\":264},{\"x\":212,\"y\":273},{\"x\":212,\"y\":282},{\"x\":212,\"y\":292},{\"x\":212,\"y\":301},{\"x\":213,\"y\":310},{\"x\":214,\"y\":319},{\"x\":214,\"y\":326},{\"x\":215,\"y\":333},{\"x\":217,\"y\":339},{\"x\":219,\"y\":346},{\"x\":221,\"y\":351},{\"x\":224,\"y\":357},{\"x\":228,\"y\":363},{\"x\":233,\"y\":369},{\"x\":237,\"y\":374},{\"x\":241,\"y\":379},{\"x\":246,\"y\":384},{\"x\":252,\"y\":389},{\"x\":258,\"y\":393},{\"x\":265,\"y\":397},{\"x\":272,\"y\":400},{\"x\":280,\"y\":402},{\"x\":289,\"y\":404},{\"x\":300,\"y\":406},{\"x\":312,\"y\":408},{\"x\":324,\"y\":410},{\"x\":336,\"y\":411},{\"x\":347,\"y\":413},{\"x\":357,\"y\":413},{\"x\":367,\"y\":413},{\"x\":374,\"y\":414},{\"x\":380,\"y\":414},{\"x\":385,\"y\":414},{\"x\":388,\"y\":415},{\"x\":390,\"y\":415},{\"x\":392,\"y\":416},{\"x\":393,\"y\":416},{\"x\":393,\"y\":416},{\"x\":394,\"y\":417},{\"x\":395,\"y\":418},{\"x\":396,\"y\":419},{\"x\":396,\"y\":420},{\"x\":397,\"y\":422},{\"x\":397,\"y\":423},{\"x\":398,\"y\":425},{\"x\":398,\"y\":427},{\"x\":399,\"y\":428},{\"x\":399,\"y\":430},{\"x\":399,\"y\":433},{\"x\":399,\"y\":435},{\"x\":400,\"y\":437},{\"x\":400,\"y\":440},{\"x\":400,\"y\":441},{\"x\":400,\"y\":442},{\"x\":400,\"y\":443},{\"x\":400,\"y\":444},{\"x\":400,\"y\":444},{\"x\":401,\"y\":445},{\"x\":401,\"y\":445},{\"x\":401,\"y\":445},{\"x\":402,\"y\":446},{\"x\":402,\"y\":446},{\"x\":403,\"y\":447}],\"color\":\"#000000\",\"size\":\"50\"}]', '2023-12-02', 'joan@gmail.com', 1),
(46, 69, '', '', '2023-12-02', 'joan@gmail.com', 1),
(48, 71, '[]', '[{\"puntos\":[{\"x\":157,\"y\":322},{\"x\":158,\"y\":322},{\"x\":158,\"y\":323},{\"x\":158,\"y\":325},{\"x\":158,\"y\":330},{\"x\":161,\"y\":337},{\"x\":169,\"y\":346},{\"x\":181,\"y\":356},{\"x\":199,\"y\":364},{\"x\":230,\"y\":370},{\"x\":273,\"y\":372},{\"x\":322,\"y\":371},{\"x\":382,\"y\":363},{\"x\":450,\"y\":343},{\"x\":514,\"y\":314},{\"x\":567,\"y\":278},{\"x\":603,\"y\":244},{\"x\":628,\"y\":199},{\"x\":645,\"y\":157},{\"x\":652,\"y\":130},{\"x\":656,\"y\":111},{\"x\":657,\"y\":98},{\"x\":658,\"y\":90},{\"x\":657,\"y\":86},{\"x\":651,\"y\":82},{\"x\":637,\"y\":78},{\"x\":617,\"y\":71},{\"x\":594,\"y\":64},{\"x\":577,\"y\":58},{\"x\":560,\"y\":53},{\"x\":539,\"y\":50},{\"x\":515,\"y\":49},{\"x\":487,\"y\":50},{\"x\":458,\"y\":57},{\"x\":431,\"y\":69},{\"x\":409,\"y\":84},{\"x\":390,\"y\":103},{\"x\":374,\"y\":126},{\"x\":360,\"y\":154},{\"x\":348,\"y\":184},{\"x\":339,\"y\":218},{\"x\":335,\"y\":255},{\"x\":335,\"y\":290},{\"x\":339,\"y\":322},{\"x\":352,\"y\":347},{\"x\":371,\"y\":366},{\"x\":402,\"y\":382},{\"x\":443,\"y\":394},{\"x\":491,\"y\":400},{\"x\":548,\"y\":401},{\"x\":608,\"y\":399},{\"x\":655,\"y\":393},{\"x\":688,\"y\":384},{\"x\":710,\"y\":377},{\"x\":725,\"y\":372},{\"x\":733,\"y\":368},{\"x\":736,\"y\":367},{\"x\":737,\"y\":367},{\"x\":737,\"y\":367},{\"x\":736,\"y\":366}],\"color\":\"#000000\",\"size\":\"50\"},{\"puntos\":[{\"x\":164,\"y\":351}],\"color\":\"#000000\",\"size\":\"50\"},{\"puntos\":[{\"x\":144,\"y\":470}],\"color\":\"#000000\",\"size\":\"50\"},{\"puntos\":[{\"x\":100,\"y\":482},{\"x\":100,\"y\":482},{\"x\":99,\"y\":482},{\"x\":98,\"y\":482},{\"x\":97,\"y\":482},{\"x\":96,\"y\":480},{\"x\":93,\"y\":474},{\"x\":89,\"y\":461},{\"x\":84,\"y\":440},{\"x\":78,\"y\":413},{\"x\":72,\"y\":383},{\"x\":68,\"y\":354},{\"x\":67,\"y\":326},{\"x\":67,\"y\":298},{\"x\":68,\"y\":276},{\"x\":70,\"y\":259},{\"x\":73,\"y\":246},{\"x\":76,\"y\":239},{\"x\":78,\"y\":234},{\"x\":79,\"y\":231},{\"x\":80,\"y\":230},{\"x\":81,\"y\":230},{\"x\":82,\"y\":230},{\"x\":83,\"y\":230},{\"x\":83,\"y\":231},{\"x\":84,\"y\":231},{\"x\":84,\"y\":232},{\"x\":84,\"y\":232},{\"x\":84,\"y\":233},{\"x\":84,\"y\":233},{\"x\":84,\"y\":234},{\"x\":83,\"y\":234}],\"color\":\"#000000\",\"size\":\"50\"},{\"puntos\":[],\"color\":\"#000000\",\"size\":\"50\"},{\"puntos\":[],\"color\":\"#000000\",\"size\":\"50\"},{\"puntos\":[],\"color\":\"#000000\",\"size\":\"50\"}]', '2023-12-02', 'joan@gmail.com', 1),
(49, 72, '[]', '[{\"puntos\":[{\"x\":142,\"y\":472},{\"x\":142,\"y\":472},{\"x\":142,\"y\":474},{\"x\":142,\"y\":479},{\"x\":142,\"y\":486},{\"x\":142,\"y\":495},{\"x\":142,\"y\":506},{\"x\":143,\"y\":518},{\"x\":147,\"y\":528},{\"x\":150,\"y\":535},{\"x\":155,\"y\":540},{\"x\":161,\"y\":543},{\"x\":168,\"y\":544},{\"x\":176,\"y\":544},{\"x\":186,\"y\":542},{\"x\":197,\"y\":539},{\"x\":209,\"y\":535},{\"x\":225,\"y\":529},{\"x\":242,\"y\":523},{\"x\":257,\"y\":518},{\"x\":276,\"y\":513},{\"x\":294,\"y\":509},{\"x\":307,\"y\":506},{\"x\":321,\"y\":502},{\"x\":330,\"y\":499},{\"x\":337,\"y\":497},{\"x\":342,\"y\":494},{\"x\":346,\"y\":492},{\"x\":349,\"y\":491},{\"x\":351,\"y\":490},{\"x\":353,\"y\":488},{\"x\":355,\"y\":487},{\"x\":356,\"y\":486},{\"x\":357,\"y\":486},{\"x\":358,\"y\":485},{\"x\":358,\"y\":484},{\"x\":359,\"y\":484},{\"x\":360,\"y\":483},{\"x\":362,\"y\":482},{\"x\":364,\"y\":482},{\"x\":368,\"y\":481},{\"x\":374,\"y\":479},{\"x\":380,\"y\":478},{\"x\":388,\"y\":475},{\"x\":395,\"y\":472},{\"x\":402,\"y\":467},{\"x\":409,\"y\":461},{\"x\":415,\"y\":453},{\"x\":419,\"y\":446},{\"x\":421,\"y\":441},{\"x\":424,\"y\":436},{\"x\":425,\"y\":432},{\"x\":426,\"y\":429},{\"x\":426,\"y\":425},{\"x\":426,\"y\":422},{\"x\":426,\"y\":419},{\"x\":427,\"y\":416},{\"x\":428,\"y\":415},{\"x\":429,\"y\":414},{\"x\":430,\"y\":414},{\"x\":431,\"y\":414},{\"x\":431,\"y\":414},{\"x\":432,\"y\":414},{\"x\":432,\"y\":414}],\"color\":\"#000000\",\"size\":\"50\"},{\"puntos\":[{\"x\":195,\"y\":321},{\"x\":195,\"y\":320},{\"x\":196,\"y\":318},{\"x\":201,\"y\":310},{\"x\":215,\"y\":293},{\"x\":238,\"y\":272},{\"x\":267,\"y\":248},{\"x\":298,\"y\":226},{\"x\":326,\"y\":212},{\"x\":354,\"y\":201},{\"x\":389,\"y\":193},{\"x\":423,\"y\":188},{\"x\":456,\"y\":187},{\"x\":490,\"y\":186},{\"x\":523,\"y\":186},{\"x\":548,\"y\":188},{\"x\":567,\"y\":191},{\"x\":583,\"y\":197},{\"x\":594,\"y\":203},{\"x\":601,\"y\":210},{\"x\":607,\"y\":218},{\"x\":611,\"y\":224},{\"x\":613,\"y\":229},{\"x\":615,\"y\":235},{\"x\":617,\"y\":239},{\"x\":618,\"y\":242},{\"x\":618,\"y\":245},{\"x\":618,\"y\":247},{\"x\":618,\"y\":248},{\"x\":618,\"y\":249},{\"x\":612,\"y\":249}],\"color\":\"#000000\",\"size\":\"50\"},{\"puntos\":[],\"color\":\"#000000\",\"size\":\"50\"}]', '2023-12-02', 'joan@gmail.com', 1),
(50, 73, '', '', '2023-12-02', 'joan@gmail.com', 1),
(51, 74, '[]', '[{\"puntos\":[{\"x\":157,\"y\":322},{\"x\":158,\"y\":322},{\"x\":158,\"y\":323},{\"x\":158,\"y\":325},{\"x\":158,\"y\":330},{\"x\":161,\"y\":337},{\"x\":169,\"y\":346},{\"x\":181,\"y\":356},{\"x\":199,\"y\":364},{\"x\":230,\"y\":370},{\"x\":273,\"y\":372},{\"x\":322,\"y\":371},{\"x\":382,\"y\":363},{\"x\":450,\"y\":343},{\"x\":514,\"y\":314},{\"x\":567,\"y\":278},{\"x\":603,\"y\":244},{\"x\":628,\"y\":199},{\"x\":645,\"y\":157},{\"x\":652,\"y\":130},{\"x\":656,\"y\":111},{\"x\":657,\"y\":98},{\"x\":658,\"y\":90},{\"x\":657,\"y\":86},{\"x\":651,\"y\":82},{\"x\":637,\"y\":78},{\"x\":617,\"y\":71},{\"x\":594,\"y\":64},{\"x\":577,\"y\":58},{\"x\":560,\"y\":53},{\"x\":539,\"y\":50},{\"x\":515,\"y\":49},{\"x\":487,\"y\":50},{\"x\":458,\"y\":57},{\"x\":431,\"y\":69},{\"x\":409,\"y\":84},{\"x\":390,\"y\":103},{\"x\":374,\"y\":126},{\"x\":360,\"y\":154},{\"x\":348,\"y\":184},{\"x\":339,\"y\":218},{\"x\":335,\"y\":255},{\"x\":335,\"y\":290},{\"x\":339,\"y\":322},{\"x\":352,\"y\":347},{\"x\":371,\"y\":366},{\"x\":402,\"y\":382},{\"x\":443,\"y\":394},{\"x\":491,\"y\":400},{\"x\":548,\"y\":401},{\"x\":608,\"y\":399},{\"x\":655,\"y\":393},{\"x\":688,\"y\":384},{\"x\":710,\"y\":377},{\"x\":725,\"y\":372},{\"x\":733,\"y\":368},{\"x\":736,\"y\":367},{\"x\":737,\"y\":367},{\"x\":737,\"y\":367},{\"x\":736,\"y\":366}],\"color\":\"#000000\",\"size\":\"50\"},{\"puntos\":[{\"x\":164,\"y\":351}],\"color\":\"#000000\",\"size\":\"50\"},{\"puntos\":[{\"x\":144,\"y\":470}],\"color\":\"#000000\",\"size\":\"50\"},{\"puntos\":[{\"x\":100,\"y\":482},{\"x\":100,\"y\":482},{\"x\":99,\"y\":482},{\"x\":98,\"y\":482},{\"x\":97,\"y\":482},{\"x\":96,\"y\":480},{\"x\":93,\"y\":474},{\"x\":89,\"y\":461},{\"x\":84,\"y\":440},{\"x\":78,\"y\":413},{\"x\":72,\"y\":383},{\"x\":68,\"y\":354},{\"x\":67,\"y\":326},{\"x\":67,\"y\":298},{\"x\":68,\"y\":276},{\"x\":70,\"y\":259},{\"x\":73,\"y\":246},{\"x\":76,\"y\":239},{\"x\":78,\"y\":234},{\"x\":79,\"y\":231},{\"x\":80,\"y\":230},{\"x\":81,\"y\":230},{\"x\":82,\"y\":230},{\"x\":83,\"y\":230},{\"x\":83,\"y\":231},{\"x\":84,\"y\":231},{\"x\":84,\"y\":232},{\"x\":84,\"y\":232},{\"x\":84,\"y\":233},{\"x\":84,\"y\":233},{\"x\":84,\"y\":234},{\"x\":83,\"y\":234}],\"color\":\"#000000\",\"size\":\"50\"},{\"puntos\":[],\"color\":\"#000000\",\"size\":\"50\"},{\"puntos\":[],\"color\":\"#000000\",\"size\":\"50\"}]', '2023-12-02', 'joan@gmail.com', 1),
(52, 75, '[{\"type\":\"circulo\",\"color\":\"#ca1c1c\",\"rellenoFigura\":true,\"size\":\"167\",\"centerX\":523,\"centerY\":215}]', '[{\"puntos\":[{\"x\":112,\"y\":159},{\"x\":112,\"y\":160},{\"x\":112,\"y\":165},{\"x\":112,\"y\":181},{\"x\":112,\"y\":211},{\"x\":112,\"y\":250},{\"x\":112,\"y\":284},{\"x\":112,\"y\":312},{\"x\":112,\"y\":341},{\"x\":112,\"y\":362},{\"x\":112,\"y\":375},{\"x\":112,\"y\":383},{\"x\":112,\"y\":388},{\"x\":112,\"y\":390},{\"x\":112,\"y\":390},{\"x\":112,\"y\":388},{\"x\":110,\"y\":382},{\"x\":107,\"y\":373},{\"x\":100,\"y\":352},{\"x\":95,\"y\":317},{\"x\":91,\"y\":273},{\"x\":90,\"y\":226},{\"x\":90,\"y\":186},{\"x\":90,\"y\":156},{\"x\":90,\"y\":133},{\"x\":90,\"y\":113},{\"x\":91,\"y\":98},{\"x\":92,\"y\":88},{\"x\":92,\"y\":82},{\"x\":93,\"y\":78},{\"x\":93,\"y\":76},{\"x\":94,\"y\":75},{\"x\":96,\"y\":75},{\"x\":98,\"y\":75},{\"x\":102,\"y\":75},{\"x\":107,\"y\":75},{\"x\":115,\"y\":75},{\"x\":128,\"y\":75},{\"x\":145,\"y\":74},{\"x\":162,\"y\":74},{\"x\":179,\"y\":74},{\"x\":195,\"y\":77},{\"x\":210,\"y\":82},{\"x\":226,\"y\":89},{\"x\":240,\"y\":98},{\"x\":252,\"y\":106},{\"x\":260,\"y\":112},{\"x\":265,\"y\":117},{\"x\":268,\"y\":121},{\"x\":268,\"y\":125},{\"x\":267,\"y\":127},{\"x\":257,\"y\":133},{\"x\":243,\"y\":145},{\"x\":225,\"y\":163},{\"x\":203,\"y\":184},{\"x\":184,\"y\":201},{\"x\":168,\"y\":215},{\"x\":154,\"y\":223},{\"x\":143,\"y\":227},{\"x\":136,\"y\":228},{\"x\":130,\"y\":228},{\"x\":126,\"y\":228},{\"x\":123,\"y\":228},{\"x\":121,\"y\":228},{\"x\":119,\"y\":227},{\"x\":118,\"y\":227},{\"x\":117,\"y\":227},{\"x\":116,\"y\":227},{\"x\":116,\"y\":227},{\"x\":116,\"y\":227},{\"x\":117,\"y\":227}],\"color\":\"#000000\",\"size\":\"50\"}]', '2023-12-03', 'joan@gmail.com', 1),
(54, 77, '[{\"type\":\"circulo\",\"color\":\"#db1f1f\",\"rellenoFigura\":false,\"size\":\"200\",\"centerX\":385,\"centerY\":167}]', '[]', '2023-12-03', 'joan@gmail.com', 1),
(55, 78, '[{\"type\":\"circulo\",\"color\":\"#2ab79f\",\"rellenoFigura\":true,\"size\":\"200\",\"centerX\":318,\"centerY\":292}]', '[]', '2023-12-03', 'joan@gmail.com', 1),
(56, 79, '[]', '[{\"puntos\":[{\"x\":116,\"y\":444},{\"x\":120,\"y\":444},{\"x\":136,\"y\":442},{\"x\":167,\"y\":436},{\"x\":210,\"y\":423},{\"x\":262,\"y\":406},{\"x\":312,\"y\":389},{\"x\":351,\"y\":375},{\"x\":382,\"y\":365},{\"x\":406,\"y\":359},{\"x\":423,\"y\":356},{\"x\":436,\"y\":354},{\"x\":444,\"y\":353},{\"x\":449,\"y\":353},{\"x\":452,\"y\":353},{\"x\":454,\"y\":353},{\"x\":455,\"y\":353},{\"x\":455,\"y\":353}],\"color\":\"#000000\",\"size\":\"50\"}]', '2023-12-03', 'aina@gmail.com', 1),
(57, 80, '[]', '[{\"puntos\":[{\"x\":99,\"y\":271},{\"x\":99,\"y\":271},{\"x\":99,\"y\":271},{\"x\":99,\"y\":274},{\"x\":99,\"y\":280},{\"x\":99,\"y\":289},{\"x\":99,\"y\":301},{\"x\":102,\"y\":316},{\"x\":106,\"y\":331},{\"x\":112,\"y\":344},{\"x\":121,\"y\":357},{\"x\":135,\"y\":368},{\"x\":155,\"y\":376},{\"x\":182,\"y\":382},{\"x\":213,\"y\":384},{\"x\":246,\"y\":381},{\"x\":277,\"y\":367},{\"x\":308,\"y\":341},{\"x\":337,\"y\":304},{\"x\":364,\"y\":258},{\"x\":387,\"y\":211},{\"x\":407,\"y\":164},{\"x\":420,\"y\":120},{\"x\":425,\"y\":84},{\"x\":424,\"y\":60},{\"x\":418,\"y\":46},{\"x\":404,\"y\":38},{\"x\":381,\"y\":36},{\"x\":347,\"y\":44},{\"x\":314,\"y\":58},{\"x\":286,\"y\":74},{\"x\":262,\"y\":92},{\"x\":247,\"y\":110},{\"x\":238,\"y\":127},{\"x\":236,\"y\":143},{\"x\":237,\"y\":161},{\"x\":242,\"y\":181},{\"x\":254,\"y\":204},{\"x\":269,\"y\":228},{\"x\":288,\"y\":251},{\"x\":317,\"y\":275},{\"x\":349,\"y\":295},{\"x\":389,\"y\":311},{\"x\":438,\"y\":325},{\"x\":486,\"y\":330},{\"x\":536,\"y\":327},{\"x\":587,\"y\":316},{\"x\":630,\"y\":300},{\"x\":661,\"y\":287},{\"x\":682,\"y\":277},{\"x\":696,\"y\":271},{\"x\":704,\"y\":266},{\"x\":707,\"y\":264},{\"x\":707,\"y\":264},{\"x\":707,\"y\":264},{\"x\":706,\"y\":264},{\"x\":705,\"y\":264},{\"x\":703,\"y\":264},{\"x\":701,\"y\":264}],\"color\":\"#000000\",\"size\":\"50\"}]', '2023-12-03', 'aina@gmail.com', 1),
(58, 81, '[]', '[{\"puntos\":[{\"x\":131,\"y\":311},{\"x\":131,\"y\":311},{\"x\":132,\"y\":313},{\"x\":135,\"y\":318},{\"x\":144,\"y\":327},{\"x\":156,\"y\":342},{\"x\":173,\"y\":359},{\"x\":192,\"y\":375},{\"x\":212,\"y\":387},{\"x\":232,\"y\":394},{\"x\":254,\"y\":397},{\"x\":280,\"y\":396},{\"x\":318,\"y\":385},{\"x\":365,\"y\":359},{\"x\":412,\"y\":321},{\"x\":457,\"y\":272},{\"x\":489,\"y\":216},{\"x\":510,\"y\":156},{\"x\":519,\"y\":115},{\"x\":521,\"y\":95},{\"x\":521,\"y\":77},{\"x\":518,\"y\":65},{\"x\":503,\"y\":61},{\"x\":459,\"y\":70},{\"x\":395,\"y\":94},{\"x\":336,\"y\":124},{\"x\":284,\"y\":155},{\"x\":243,\"y\":187},{\"x\":222,\"y\":213},{\"x\":215,\"y\":233},{\"x\":216,\"y\":250},{\"x\":227,\"y\":273},{\"x\":252,\"y\":298},{\"x\":288,\"y\":326},{\"x\":329,\"y\":354},{\"x\":370,\"y\":377},{\"x\":416,\"y\":392},{\"x\":464,\"y\":396},{\"x\":514,\"y\":381},{\"x\":566,\"y\":344},{\"x\":607,\"y\":300},{\"x\":628,\"y\":267},{\"x\":636,\"y\":247},{\"x\":639,\"y\":233},{\"x\":637,\"y\":226},{\"x\":618,\"y\":231},{\"x\":571,\"y\":256},{\"x\":518,\"y\":294},{\"x\":483,\"y\":323},{\"x\":465,\"y\":342},{\"x\":453,\"y\":356},{\"x\":447,\"y\":363},{\"x\":455,\"y\":359},{\"x\":480,\"y\":339},{\"x\":513,\"y\":312},{\"x\":541,\"y\":289},{\"x\":559,\"y\":274},{\"x\":572,\"y\":266},{\"x\":579,\"y\":263},{\"x\":577,\"y\":269},{\"x\":570,\"y\":286},{\"x\":563,\"y\":302},{\"x\":558,\"y\":313},{\"x\":556,\"y\":320},{\"x\":558,\"y\":321},{\"x\":570,\"y\":310},{\"x\":587,\"y\":296},{\"x\":602,\"y\":287},{\"x\":613,\"y\":283},{\"x\":618,\"y\":285},{\"x\":618,\"y\":298},{\"x\":615,\"y\":323},{\"x\":609,\"y\":349},{\"x\":605,\"y\":375},{\"x\":605,\"y\":393},{\"x\":606,\"y\":403},{\"x\":614,\"y\":407},{\"x\":627,\"y\":408},{\"x\":641,\"y\":408},{\"x\":651,\"y\":407},{\"x\":658,\"y\":407},{\"x\":661,\"y\":413},{\"x\":652,\"y\":437},{\"x\":633,\"y\":473},{\"x\":618,\"y\":498},{\"x\":610,\"y\":513},{\"x\":604,\"y\":524},{\"x\":603,\"y\":529},{\"x\":605,\"y\":529},{\"x\":614,\"y\":527},{\"x\":641,\"y\":518}],\"color\":\"#000000\",\"size\":\"50\"}]', '2023-12-03', 'aina@gmail.com', 1),
(59, 82, '[{\"type\":\"cuadrado\",\"color\":\"#000000\",\"rellenoFigura\":false,\"size\":\"50\",\"centerX\":0,\"centerY\":254},{\"type\":\"cuadrado\",\"color\":\"#000000\",\"rellenoFigura\":false,\"size\":\"50\",\"centerX\":89,\"centerY\":81},{\"type\":\"cuadrado\",\"color\":\"#000000\",\"rellenoFigura\":false,\"size\":\"50\",\"centerX\":73,\"centerY\":397},{\"type\":\"cuadrado\",\"color\":\"#000000\",\"rellenoFigura\":false,\"size\":\"50\",\"centerX\":163,\"centerY\":474},{\"type\":\"cuadrado\",\"color\":\"#000000\",\"rellenoFigura\":false,\"size\":\"50\",\"centerX\":83,\"centerY\":489},{\"type\":\"cuadrado\",\"color\":\"#df1111\",\"rellenoFigura\":false,\"size\":\"50\",\"centerX\":117,\"centerY\":227}]', '[{\"puntos\":[{\"x\":188,\"y\":375},{\"x\":189,\"y\":375},{\"x\":189,\"y\":376},{\"x\":189,\"y\":379},{\"x\":189,\"y\":383},{\"x\":192,\"y\":389},{\"x\":197,\"y\":395},{\"x\":205,\"y\":402},{\"x\":218,\"y\":409},{\"x\":231,\"y\":414},{\"x\":249,\"y\":417},{\"x\":270,\"y\":418},{\"x\":294,\"y\":417},{\"x\":319,\"y\":413},{\"x\":343,\"y\":404},{\"x\":365,\"y\":391},{\"x\":385,\"y\":374},{\"x\":403,\"y\":355},{\"x\":416,\"y\":340},{\"x\":426,\"y\":327},{\"x\":435,\"y\":316},{\"x\":440,\"y\":308},{\"x\":444,\"y\":303},{\"x\":446,\"y\":300},{\"x\":447,\"y\":299},{\"x\":447,\"y\":298}],\"color\":\"#000000\",\"size\":\"50\"},{\"puntos\":[{\"x\":310,\"y\":169},{\"x\":310,\"y\":169},{\"x\":310,\"y\":171},{\"x\":312,\"y\":176},{\"x\":321,\"y\":192},{\"x\":336,\"y\":217},{\"x\":356,\"y\":248},{\"x\":378,\"y\":282},{\"x\":398,\"y\":309},{\"x\":415,\"y\":332},{\"x\":433,\"y\":353},{\"x\":447,\"y\":366},{\"x\":457,\"y\":375},{\"x\":467,\"y\":383},{\"x\":476,\"y\":389},{\"x\":481,\"y\":392},{\"x\":486,\"y\":394},{\"x\":489,\"y\":396},{\"x\":491,\"y\":397},{\"x\":492,\"y\":398},{\"x\":492,\"y\":398},{\"x\":493,\"y\":398},{\"x\":493,\"y\":398},{\"x\":493,\"y\":398},{\"x\":493,\"y\":398},{\"x\":493,\"y\":398},{\"x\":492,\"y\":398},{\"x\":487,\"y\":396}],\"color\":\"#000000\",\"size\":\"50\"},{\"puntos\":[{\"x\":614,\"y\":49},{\"x\":614,\"y\":49},{\"x\":614,\"y\":50},{\"x\":614,\"y\":54},{\"x\":614,\"y\":63},{\"x\":614,\"y\":77},{\"x\":616,\"y\":96},{\"x\":620,\"y\":118},{\"x\":625,\"y\":141},{\"x\":630,\"y\":165},{\"x\":636,\"y\":190},{\"x\":642,\"y\":216},{\"x\":646,\"y\":237},{\"x\":650,\"y\":254},{\"x\":653,\"y\":269},{\"x\":655,\"y\":280},{\"x\":657,\"y\":289},{\"x\":659,\"y\":297},{\"x\":660,\"y\":305},{\"x\":661,\"y\":311},{\"x\":662,\"y\":317},{\"x\":662,\"y\":321},{\"x\":662,\"y\":323},{\"x\":663,\"y\":324},{\"x\":662,\"y\":324},{\"x\":662,\"y\":322},{\"x\":660,\"y\":320},{\"x\":658,\"y\":317}],\"color\":\"#000000\",\"size\":\"50\"},{\"puntos\":[{\"x\":437,\"y\":100},{\"x\":436,\"y\":100},{\"x\":436,\"y\":100},{\"x\":435,\"y\":100},{\"x\":432,\"y\":99},{\"x\":428,\"y\":97},{\"x\":418,\"y\":94},{\"x\":403,\"y\":88},{\"x\":381,\"y\":83},{\"x\":355,\"y\":80},{\"x\":329,\"y\":78},{\"x\":308,\"y\":78},{\"x\":291,\"y\":81},{\"x\":277,\"y\":85},{\"x\":266,\"y\":90},{\"x\":255,\"y\":96},{\"x\":247,\"y\":100},{\"x\":242,\"y\":103},{\"x\":238,\"y\":106},{\"x\":235,\"y\":107},{\"x\":234,\"y\":108},{\"x\":233,\"y\":109},{\"x\":233,\"y\":110},{\"x\":233,\"y\":112},{\"x\":233,\"y\":114},{\"x\":233,\"y\":117},{\"x\":233,\"y\":122},{\"x\":232,\"y\":131},{\"x\":227,\"y\":145},{\"x\":221,\"y\":164},{\"x\":214,\"y\":187},{\"x\":206,\"y\":210},{\"x\":200,\"y\":229},{\"x\":195,\"y\":247},{\"x\":192,\"y\":264},{\"x\":190,\"y\":279},{\"x\":190,\"y\":292},{\"x\":190,\"y\":302},{\"x\":191,\"y\":310},{\"x\":193,\"y\":316},{\"x\":197,\"y\":321},{\"x\":201,\"y\":326},{\"x\":205,\"y\":329},{\"x\":209,\"y\":332},{\"x\":213,\"y\":334},{\"x\":216,\"y\":335},{\"x\":219,\"y\":336},{\"x\":223,\"y\":336},{\"x\":226,\"y\":336},{\"x\":230,\"y\":336},{\"x\":233,\"y\":336},{\"x\":236,\"y\":336},{\"x\":238,\"y\":335},{\"x\":241,\"y\":333},{\"x\":246,\"y\":331},{\"x\":252,\"y\":328},{\"x\":260,\"y\":326},{\"x\":268,\"y\":325},{\"x\":277,\"y\":324},{\"x\":289,\"y\":323},{\"x\":298,\"y\":323},{\"x\":306,\"y\":323},{\"x\":312,\"y\":322},{\"x\":314,\"y\":322},{\"x\":315,\"y\":321},{\"x\":315,\"y\":320},{\"x\":314,\"y\":320},{\"x\":312,\"y\":319},{\"x\":311,\"y\":318},{\"x\":310,\"y\":318},{\"x\":310,\"y\":317},{\"x\":309,\"y\":317},{\"x\":309,\"y\":317},{\"x\":308,\"y\":317},{\"x\":308,\"y\":317}],\"color\":\"#000000\",\"size\":\"50\"},{\"puntos\":[{\"x\":292,\"y\":467},{\"x\":292,\"y\":469},{\"x\":294,\"y\":472},{\"x\":297,\"y\":476},{\"x\":302,\"y\":482},{\"x\":307,\"y\":488},{\"x\":312,\"y\":494},{\"x\":318,\"y\":499},{\"x\":324,\"y\":504},{\"x\":331,\"y\":508},{\"x\":338,\"y\":512},{\"x\":347,\"y\":514},{\"x\":357,\"y\":516},{\"x\":367,\"y\":517},{\"x\":378,\"y\":517},{\"x\":390,\"y\":515},{\"x\":400,\"y\":509},{\"x\":410,\"y\":501},{\"x\":419,\"y\":491},{\"x\":425,\"y\":482},{\"x\":431,\"y\":473},{\"x\":436,\"y\":464},{\"x\":442,\"y\":455},{\"x\":446,\"y\":449},{\"x\":450,\"y\":444},{\"x\":453,\"y\":441},{\"x\":456,\"y\":439},{\"x\":458,\"y\":438},{\"x\":459,\"y\":438},{\"x\":460,\"y\":438},{\"x\":461,\"y\":440},{\"x\":462,\"y\":443},{\"x\":462,\"y\":447},{\"x\":464,\"y\":453},{\"x\":468,\"y\":461},{\"x\":473,\"y\":471},{\"x\":480,\"y\":482},{\"x\":487,\"y\":492},{\"x\":494,\"y\":500},{\"x\":500,\"y\":506},{\"x\":507,\"y\":510},{\"x\":514,\"y\":513},{\"x\":521,\"y\":514},{\"x\":529,\"y\":515},{\"x\":537,\"y\":515},{\"x\":546,\"y\":513},{\"x\":555,\"y\":509},{\"x\":565,\"y\":505},{\"x\":575,\"y\":499},{\"x\":586,\"y\":493},{\"x\":595,\"y\":487},{\"x\":602,\"y\":480},{\"x\":609,\"y\":472},{\"x\":617,\"y\":463},{\"x\":625,\"y\":453},{\"x\":633,\"y\":443},{\"x\":641,\"y\":433},{\"x\":648,\"y\":424},{\"x\":653,\"y\":416},{\"x\":658,\"y\":411},{\"x\":662,\"y\":406},{\"x\":665,\"y\":402},{\"x\":667,\"y\":400},{\"x\":668,\"y\":399},{\"x\":669,\"y\":398},{\"x\":669,\"y\":398}],\"color\":\"#000000\",\"size\":\"50\"}]', '2023-12-03', 'joan@gmail.com', 1),
(60, 83, '[{\"type\":\"estrella\",\"color\":\"#cbd818\",\"rellenoFigura\":true,\"size\":\"197\",\"centerX\":215,\"centerY\":419}]', '[{\"puntos\":[{\"x\":140,\"y\":104},{\"x\":140,\"y\":105},{\"x\":140,\"y\":109},{\"x\":140,\"y\":124},{\"x\":140,\"y\":151},{\"x\":140,\"y\":188},{\"x\":140,\"y\":222},{\"x\":140,\"y\":247},{\"x\":140,\"y\":268},{\"x\":140,\"y\":280},{\"x\":140,\"y\":285},{\"x\":140,\"y\":288},{\"x\":140,\"y\":287},{\"x\":140,\"y\":286},{\"x\":140,\"y\":283},{\"x\":140,\"y\":279},{\"x\":139,\"y\":272},{\"x\":139,\"y\":261},{\"x\":137,\"y\":243},{\"x\":136,\"y\":219},{\"x\":135,\"y\":192},{\"x\":135,\"y\":164},{\"x\":135,\"y\":137},{\"x\":135,\"y\":115},{\"x\":137,\"y\":97},{\"x\":139,\"y\":82},{\"x\":141,\"y\":72},{\"x\":143,\"y\":66},{\"x\":144,\"y\":61},{\"x\":145,\"y\":59},{\"x\":147,\"y\":59},{\"x\":148,\"y\":59},{\"x\":150,\"y\":59},{\"x\":152,\"y\":59},{\"x\":154,\"y\":59},{\"x\":159,\"y\":60},{\"x\":166,\"y\":60},{\"x\":175,\"y\":60},{\"x\":187,\"y\":61},{\"x\":198,\"y\":63},{\"x\":207,\"y\":67},{\"x\":214,\"y\":73},{\"x\":218,\"y\":81},{\"x\":221,\"y\":89},{\"x\":222,\"y\":97},{\"x\":221,\"y\":105},{\"x\":215,\"y\":116},{\"x\":205,\"y\":132},{\"x\":195,\"y\":147},{\"x\":184,\"y\":164},{\"x\":172,\"y\":179},{\"x\":163,\"y\":190},{\"x\":154,\"y\":199},{\"x\":146,\"y\":204},{\"x\":141,\"y\":206},{\"x\":137,\"y\":207},{\"x\":134,\"y\":207},{\"x\":133,\"y\":207},{\"x\":133,\"y\":206},{\"x\":133,\"y\":205},{\"x\":133,\"y\":205},{\"x\":133,\"y\":204},{\"x\":133,\"y\":204},{\"x\":133,\"y\":204},{\"x\":134,\"y\":204},{\"x\":136,\"y\":204},{\"x\":137,\"y\":204},{\"x\":138,\"y\":204},{\"x\":141,\"y\":204}],\"color\":\"#000000\",\"size\":\"50\"},{\"puntos\":[{\"x\":265,\"y\":98},{\"x\":265,\"y\":99},{\"x\":265,\"y\":104},{\"x\":265,\"y\":115},{\"x\":265,\"y\":134},{\"x\":265,\"y\":158},{\"x\":265,\"y\":183},{\"x\":265,\"y\":203},{\"x\":265,\"y\":219},{\"x\":265,\"y\":232},{\"x\":265,\"y\":241},{\"x\":265,\"y\":247},{\"x\":265,\"y\":253},{\"x\":265,\"y\":257},{\"x\":265,\"y\":262},{\"x\":266,\"y\":266},{\"x\":266,\"y\":270},{\"x\":267,\"y\":273},{\"x\":268,\"y\":276},{\"x\":269,\"y\":278},{\"x\":269,\"y\":280},{\"x\":270,\"y\":283},{\"x\":270,\"y\":284},{\"x\":271,\"y\":285},{\"x\":271,\"y\":286},{\"x\":271,\"y\":286},{\"x\":271,\"y\":285},{\"x\":270,\"y\":283}],\"color\":\"#000000\",\"size\":\"50\"},{\"puntos\":[{\"x\":272,\"y\":65}],\"color\":\"#000000\",\"size\":\"50\"},{\"puntos\":[{\"x\":272,\"y\":65},{\"x\":273,\"y\":65},{\"x\":274,\"y\":65},{\"x\":276,\"y\":65},{\"x\":278,\"y\":65},{\"x\":280,\"y\":65},{\"x\":283,\"y\":65},{\"x\":286,\"y\":64},{\"x\":290,\"y\":64},{\"x\":295,\"y\":63},{\"x\":302,\"y\":61},{\"x\":309,\"y\":59},{\"x\":319,\"y\":58},{\"x\":330,\"y\":57},{\"x\":342,\"y\":56},{\"x\":355,\"y\":56},{\"x\":368,\"y\":56},{\"x\":377,\"y\":57},{\"x\":383,\"y\":60},{\"x\":388,\"y\":64},{\"x\":391,\"y\":68},{\"x\":393,\"y\":73},{\"x\":394,\"y\":80},{\"x\":395,\"y\":88},{\"x\":396,\"y\":99},{\"x\":397,\"y\":111},{\"x\":397,\"y\":123},{\"x\":397,\"y\":135},{\"x\":395,\"y\":145},{\"x\":391,\"y\":153},{\"x\":385,\"y\":159},{\"x\":369,\"y\":165},{\"x\":344,\"y\":170},{\"x\":319,\"y\":173},{\"x\":295,\"y\":175},{\"x\":278,\"y\":176},{\"x\":268,\"y\":177},{\"x\":263,\"y\":177},{\"x\":262,\"y\":177},{\"x\":261,\"y\":177},{\"x\":262,\"y\":177},{\"x\":262,\"y\":177},{\"x\":263,\"y\":177},{\"x\":265,\"y\":177},{\"x\":266,\"y\":177},{\"x\":269,\"y\":177},{\"x\":272,\"y\":178},{\"x\":277,\"y\":179},{\"x\":285,\"y\":183},{\"x\":296,\"y\":190},{\"x\":312,\"y\":201},{\"x\":334,\"y\":220},{\"x\":358,\"y\":243},{\"x\":376,\"y\":263},{\"x\":390,\"y\":278},{\"x\":399,\"y\":289},{\"x\":404,\"y\":294},{\"x\":407,\"y\":297},{\"x\":408,\"y\":299},{\"x\":409,\"y\":299},{\"x\":409,\"y\":299},{\"x\":409,\"y\":298},{\"x\":407,\"y\":296}],\"color\":\"#000000\",\"size\":\"50\"},{\"puntos\":[{\"x\":539,\"y\":78},{\"x\":539,\"y\":79},{\"x\":539,\"y\":82},{\"x\":539,\"y\":95},{\"x\":539,\"y\":120},{\"x\":539,\"y\":161},{\"x\":539,\"y\":215},{\"x\":539,\"y\":278},{\"x\":539,\"y\":342},{\"x\":539,\"y\":396},{\"x\":539,\"y\":432},{\"x\":539,\"y\":455},{\"x\":539,\"y\":469},{\"x\":539,\"y\":478},{\"x\":539,\"y\":480},{\"x\":538,\"y\":481},{\"x\":538,\"y\":481},{\"x\":537,\"y\":481},{\"x\":535,\"y\":473}],\"color\":\"#000000\",\"size\":\"50\"},{\"puntos\":[{\"x\":665,\"y\":293},{\"x\":665,\"y\":293},{\"x\":665,\"y\":286},{\"x\":665,\"y\":266},{\"x\":665,\"y\":231},{\"x\":665,\"y\":185},{\"x\":666,\"y\":148},{\"x\":667,\"y\":123},{\"x\":668,\"y\":108},{\"x\":670,\"y\":101},{\"x\":671,\"y\":98},{\"x\":672,\"y\":97},{\"x\":673,\"y\":98},{\"x\":673,\"y\":100},{\"x\":675,\"y\":107},{\"x\":679,\"y\":119},{\"x\":687,\"y\":145},{\"x\":697,\"y\":178},{\"x\":708,\"y\":211},{\"x\":717,\"y\":239},{\"x\":724,\"y\":260},{\"x\":730,\"y\":275},{\"x\":734,\"y\":283},{\"x\":737,\"y\":287},{\"x\":739,\"y\":288},{\"x\":740,\"y\":286},{\"x\":741,\"y\":280},{\"x\":743,\"y\":272},{\"x\":746,\"y\":264},{\"x\":749,\"y\":259},{\"x\":752,\"y\":256},{\"x\":753,\"y\":254},{\"x\":754,\"y\":254},{\"x\":755,\"y\":254},{\"x\":755,\"y\":255},{\"x\":755,\"y\":256},{\"x\":756,\"y\":258},{\"x\":756,\"y\":259},{\"x\":756,\"y\":262},{\"x\":755,\"y\":266},{\"x\":754,\"y\":270},{\"x\":752,\"y\":275},{\"x\":750,\"y\":284},{\"x\":746,\"y\":301},{\"x\":741,\"y\":325},{\"x\":735,\"y\":355},{\"x\":730,\"y\":382},{\"x\":725,\"y\":401},{\"x\":722,\"y\":416},{\"x\":719,\"y\":423},{\"x\":718,\"y\":427},{\"x\":717,\"y\":429},{\"x\":717,\"y\":429},{\"x\":717,\"y\":429},{\"x\":717,\"y\":428},{\"x\":717,\"y\":426},{\"x\":716,\"y\":422}],\"color\":\"#000000\",\"size\":\"50\"}]', '2023-12-03', 'jj@gmail.com', 1);
INSERT INTO `Version` (`idVersion`, `idDraw`, `figuresJSON`, `strokesJSON`, `dateLastModified`, `user_email`, `numberObject`) VALUES
(61, 84, '[]', '[{\"puntos\":[{\"x\":72,\"y\":240},{\"x\":72,\"y\":240},{\"x\":72,\"y\":241},{\"x\":72,\"y\":246},{\"x\":72,\"y\":256},{\"x\":74,\"y\":270},{\"x\":77,\"y\":286},{\"x\":81,\"y\":302},{\"x\":86,\"y\":319},{\"x\":92,\"y\":336},{\"x\":99,\"y\":352},{\"x\":107,\"y\":367},{\"x\":116,\"y\":380},{\"x\":128,\"y\":396},{\"x\":141,\"y\":410},{\"x\":155,\"y\":422},{\"x\":173,\"y\":433},{\"x\":192,\"y\":442},{\"x\":214,\"y\":448},{\"x\":239,\"y\":449},{\"x\":264,\"y\":448},{\"x\":288,\"y\":443},{\"x\":312,\"y\":432},{\"x\":341,\"y\":414},{\"x\":371,\"y\":388},{\"x\":399,\"y\":358},{\"x\":428,\"y\":322},{\"x\":452,\"y\":287},{\"x\":472,\"y\":252},{\"x\":489,\"y\":215},{\"x\":499,\"y\":187},{\"x\":505,\"y\":165},{\"x\":507,\"y\":149},{\"x\":508,\"y\":136},{\"x\":508,\"y\":125},{\"x\":507,\"y\":118},{\"x\":506,\"y\":111},{\"x\":506,\"y\":105},{\"x\":506,\"y\":99},{\"x\":506,\"y\":94},{\"x\":506,\"y\":91},{\"x\":506,\"y\":89},{\"x\":506,\"y\":88},{\"x\":506,\"y\":88},{\"x\":507,\"y\":88},{\"x\":507,\"y\":88},{\"x\":507,\"y\":88},{\"x\":507,\"y\":88},{\"x\":507,\"y\":88},{\"x\":507,\"y\":89},{\"x\":507,\"y\":89},{\"x\":507,\"y\":90}],\"color\":\"#000000\",\"size\":\"50\"},{\"puntos\":[{\"x\":126,\"y\":79},{\"x\":126,\"y\":79},{\"x\":126,\"y\":80},{\"x\":127,\"y\":82},{\"x\":131,\"y\":87},{\"x\":138,\"y\":93},{\"x\":148,\"y\":97},{\"x\":159,\"y\":100},{\"x\":172,\"y\":101},{\"x\":185,\"y\":100},{\"x\":197,\"y\":96},{\"x\":204,\"y\":89},{\"x\":208,\"y\":82},{\"x\":208,\"y\":75},{\"x\":206,\"y\":67},{\"x\":200,\"y\":57},{\"x\":193,\"y\":48},{\"x\":184,\"y\":43},{\"x\":175,\"y\":42},{\"x\":165,\"y\":45},{\"x\":157,\"y\":53},{\"x\":151,\"y\":61},{\"x\":148,\"y\":67},{\"x\":147,\"y\":73},{\"x\":147,\"y\":79},{\"x\":149,\"y\":88},{\"x\":154,\"y\":98},{\"x\":159,\"y\":109},{\"x\":165,\"y\":117},{\"x\":170,\"y\":122},{\"x\":175,\"y\":124},{\"x\":178,\"y\":124},{\"x\":182,\"y\":122},{\"x\":185,\"y\":117},{\"x\":188,\"y\":111},{\"x\":192,\"y\":103},{\"x\":197,\"y\":92},{\"x\":201,\"y\":82},{\"x\":203,\"y\":73},{\"x\":204,\"y\":65},{\"x\":202,\"y\":59},{\"x\":198,\"y\":56},{\"x\":192,\"y\":54},{\"x\":185,\"y\":54},{\"x\":178,\"y\":55},{\"x\":171,\"y\":56},{\"x\":167,\"y\":58},{\"x\":164,\"y\":59},{\"x\":162,\"y\":60},{\"x\":162,\"y\":61},{\"x\":162,\"y\":62},{\"x\":162,\"y\":63}],\"color\":\"#000000\",\"size\":\"50\"},{\"puntos\":[{\"x\":395,\"y\":72},{\"x\":395,\"y\":73},{\"x\":393,\"y\":76},{\"x\":391,\"y\":81},{\"x\":388,\"y\":88},{\"x\":385,\"y\":101},{\"x\":382,\"y\":117},{\"x\":382,\"y\":128},{\"x\":382,\"y\":138},{\"x\":384,\"y\":145},{\"x\":387,\"y\":150},{\"x\":394,\"y\":153},{\"x\":406,\"y\":154},{\"x\":422,\"y\":154},{\"x\":438,\"y\":153},{\"x\":453,\"y\":148},{\"x\":464,\"y\":141},{\"x\":470,\"y\":134},{\"x\":471,\"y\":126},{\"x\":471,\"y\":114},{\"x\":468,\"y\":101},{\"x\":462,\"y\":89},{\"x\":457,\"y\":80},{\"x\":452,\"y\":74},{\"x\":446,\"y\":71},{\"x\":440,\"y\":70},{\"x\":434,\"y\":70},{\"x\":428,\"y\":72},{\"x\":424,\"y\":74},{\"x\":420,\"y\":76},{\"x\":417,\"y\":77},{\"x\":415,\"y\":79},{\"x\":413,\"y\":80},{\"x\":412,\"y\":81},{\"x\":412,\"y\":82},{\"x\":411,\"y\":83},{\"x\":411,\"y\":83},{\"x\":411,\"y\":84},{\"x\":412,\"y\":84},{\"x\":412,\"y\":84},{\"x\":412,\"y\":84}],\"color\":\"#000000\",\"size\":\"50\"},{\"puntos\":[{\"x\":269,\"y\":208},{\"x\":269,\"y\":208},{\"x\":269,\"y\":210},{\"x\":269,\"y\":212},{\"x\":269,\"y\":218},{\"x\":269,\"y\":228},{\"x\":269,\"y\":243},{\"x\":269,\"y\":263},{\"x\":269,\"y\":281},{\"x\":269,\"y\":292},{\"x\":269,\"y\":300},{\"x\":269,\"y\":304},{\"x\":269,\"y\":305},{\"x\":269,\"y\":305},{\"x\":269,\"y\":305},{\"x\":270,\"y\":303},{\"x\":271,\"y\":301}],\"color\":\"#000000\",\"size\":\"50\"}]', '2023-12-04', 'francisca@gmail.com', 1),
(66, 89, '[{\"type\":\"circulo\",\"color\":\"#000000\",\"rellenoFigura\":false,\"size\":\"50\",\"centerX\":592,\"centerY\":285}]', '[{\"puntos\":[{\"x\":72,\"y\":240},{\"x\":72,\"y\":240},{\"x\":72,\"y\":241},{\"x\":72,\"y\":246},{\"x\":72,\"y\":256},{\"x\":74,\"y\":270},{\"x\":77,\"y\":286},{\"x\":81,\"y\":302},{\"x\":86,\"y\":319},{\"x\":92,\"y\":336},{\"x\":99,\"y\":352},{\"x\":107,\"y\":367},{\"x\":116,\"y\":380},{\"x\":128,\"y\":396},{\"x\":141,\"y\":410},{\"x\":155,\"y\":422},{\"x\":173,\"y\":433},{\"x\":192,\"y\":442},{\"x\":214,\"y\":448},{\"x\":239,\"y\":449},{\"x\":264,\"y\":448},{\"x\":288,\"y\":443},{\"x\":312,\"y\":432},{\"x\":341,\"y\":414},{\"x\":371,\"y\":388},{\"x\":399,\"y\":358},{\"x\":428,\"y\":322},{\"x\":452,\"y\":287},{\"x\":472,\"y\":252},{\"x\":489,\"y\":215},{\"x\":499,\"y\":187},{\"x\":505,\"y\":165},{\"x\":507,\"y\":149},{\"x\":508,\"y\":136},{\"x\":508,\"y\":125},{\"x\":507,\"y\":118},{\"x\":506,\"y\":111},{\"x\":506,\"y\":105},{\"x\":506,\"y\":99},{\"x\":506,\"y\":94},{\"x\":506,\"y\":91},{\"x\":506,\"y\":89},{\"x\":506,\"y\":88},{\"x\":506,\"y\":88},{\"x\":507,\"y\":88},{\"x\":507,\"y\":88},{\"x\":507,\"y\":88},{\"x\":507,\"y\":88},{\"x\":507,\"y\":88},{\"x\":507,\"y\":89},{\"x\":507,\"y\":89},{\"x\":507,\"y\":90}],\"color\":\"#000000\",\"size\":\"50\"},{\"puntos\":[{\"x\":126,\"y\":79},{\"x\":126,\"y\":79},{\"x\":126,\"y\":80},{\"x\":127,\"y\":82},{\"x\":131,\"y\":87},{\"x\":138,\"y\":93},{\"x\":148,\"y\":97},{\"x\":159,\"y\":100},{\"x\":172,\"y\":101},{\"x\":185,\"y\":100},{\"x\":197,\"y\":96},{\"x\":204,\"y\":89},{\"x\":208,\"y\":82},{\"x\":208,\"y\":75},{\"x\":206,\"y\":67},{\"x\":200,\"y\":57},{\"x\":193,\"y\":48},{\"x\":184,\"y\":43},{\"x\":175,\"y\":42},{\"x\":165,\"y\":45},{\"x\":157,\"y\":53},{\"x\":151,\"y\":61},{\"x\":148,\"y\":67},{\"x\":147,\"y\":73},{\"x\":147,\"y\":79},{\"x\":149,\"y\":88},{\"x\":154,\"y\":98},{\"x\":159,\"y\":109},{\"x\":165,\"y\":117},{\"x\":170,\"y\":122},{\"x\":175,\"y\":124},{\"x\":178,\"y\":124},{\"x\":182,\"y\":122},{\"x\":185,\"y\":117},{\"x\":188,\"y\":111},{\"x\":192,\"y\":103},{\"x\":197,\"y\":92},{\"x\":201,\"y\":82},{\"x\":203,\"y\":73},{\"x\":204,\"y\":65},{\"x\":202,\"y\":59},{\"x\":198,\"y\":56},{\"x\":192,\"y\":54},{\"x\":185,\"y\":54},{\"x\":178,\"y\":55},{\"x\":171,\"y\":56},{\"x\":167,\"y\":58},{\"x\":164,\"y\":59},{\"x\":162,\"y\":60},{\"x\":162,\"y\":61},{\"x\":162,\"y\":62},{\"x\":162,\"y\":63}],\"color\":\"#000000\",\"size\":\"50\"},{\"puntos\":[{\"x\":395,\"y\":72},{\"x\":395,\"y\":73},{\"x\":393,\"y\":76},{\"x\":391,\"y\":81},{\"x\":388,\"y\":88},{\"x\":385,\"y\":101},{\"x\":382,\"y\":117},{\"x\":382,\"y\":128},{\"x\":382,\"y\":138},{\"x\":384,\"y\":145},{\"x\":387,\"y\":150},{\"x\":394,\"y\":153},{\"x\":406,\"y\":154},{\"x\":422,\"y\":154},{\"x\":438,\"y\":153},{\"x\":453,\"y\":148},{\"x\":464,\"y\":141},{\"x\":470,\"y\":134},{\"x\":471,\"y\":126},{\"x\":471,\"y\":114},{\"x\":468,\"y\":101},{\"x\":462,\"y\":89},{\"x\":457,\"y\":80},{\"x\":452,\"y\":74},{\"x\":446,\"y\":71},{\"x\":440,\"y\":70},{\"x\":434,\"y\":70},{\"x\":428,\"y\":72},{\"x\":424,\"y\":74},{\"x\":420,\"y\":76},{\"x\":417,\"y\":77},{\"x\":415,\"y\":79},{\"x\":413,\"y\":80},{\"x\":412,\"y\":81},{\"x\":412,\"y\":82},{\"x\":411,\"y\":83},{\"x\":411,\"y\":83},{\"x\":411,\"y\":84},{\"x\":412,\"y\":84},{\"x\":412,\"y\":84},{\"x\":412,\"y\":84}],\"color\":\"#000000\",\"size\":\"50\"},{\"puntos\":[{\"x\":269,\"y\":208},{\"x\":269,\"y\":208},{\"x\":269,\"y\":210},{\"x\":269,\"y\":212},{\"x\":269,\"y\":218},{\"x\":269,\"y\":228},{\"x\":269,\"y\":243},{\"x\":269,\"y\":263},{\"x\":269,\"y\":281},{\"x\":269,\"y\":292},{\"x\":269,\"y\":300},{\"x\":269,\"y\":304},{\"x\":269,\"y\":305},{\"x\":269,\"y\":305},{\"x\":269,\"y\":305},{\"x\":270,\"y\":303},{\"x\":271,\"y\":301}],\"color\":\"#000000\",\"size\":\"50\"}]', '2023-12-04', 'francisca@gmail.com', 1),
(67, 90, '[{\"type\":\"circulo\",\"color\":\"#000000\",\"rellenoFigura\":false,\"size\":\"50\",\"centerX\":592,\"centerY\":285}]', '[{\"puntos\":[{\"x\":72,\"y\":240},{\"x\":72,\"y\":240},{\"x\":72,\"y\":241},{\"x\":72,\"y\":246},{\"x\":72,\"y\":256},{\"x\":74,\"y\":270},{\"x\":77,\"y\":286},{\"x\":81,\"y\":302},{\"x\":86,\"y\":319},{\"x\":92,\"y\":336},{\"x\":99,\"y\":352},{\"x\":107,\"y\":367},{\"x\":116,\"y\":380},{\"x\":128,\"y\":396},{\"x\":141,\"y\":410},{\"x\":155,\"y\":422},{\"x\":173,\"y\":433},{\"x\":192,\"y\":442},{\"x\":214,\"y\":448},{\"x\":239,\"y\":449},{\"x\":264,\"y\":448},{\"x\":288,\"y\":443},{\"x\":312,\"y\":432},{\"x\":341,\"y\":414},{\"x\":371,\"y\":388},{\"x\":399,\"y\":358},{\"x\":428,\"y\":322},{\"x\":452,\"y\":287},{\"x\":472,\"y\":252},{\"x\":489,\"y\":215},{\"x\":499,\"y\":187},{\"x\":505,\"y\":165},{\"x\":507,\"y\":149},{\"x\":508,\"y\":136},{\"x\":508,\"y\":125},{\"x\":507,\"y\":118},{\"x\":506,\"y\":111},{\"x\":506,\"y\":105},{\"x\":506,\"y\":99},{\"x\":506,\"y\":94},{\"x\":506,\"y\":91},{\"x\":506,\"y\":89},{\"x\":506,\"y\":88},{\"x\":506,\"y\":88},{\"x\":507,\"y\":88},{\"x\":507,\"y\":88},{\"x\":507,\"y\":88},{\"x\":507,\"y\":88},{\"x\":507,\"y\":88},{\"x\":507,\"y\":89},{\"x\":507,\"y\":89},{\"x\":507,\"y\":90}],\"color\":\"#000000\",\"size\":\"50\"},{\"puntos\":[{\"x\":126,\"y\":79},{\"x\":126,\"y\":79},{\"x\":126,\"y\":80},{\"x\":127,\"y\":82},{\"x\":131,\"y\":87},{\"x\":138,\"y\":93},{\"x\":148,\"y\":97},{\"x\":159,\"y\":100},{\"x\":172,\"y\":101},{\"x\":185,\"y\":100},{\"x\":197,\"y\":96},{\"x\":204,\"y\":89},{\"x\":208,\"y\":82},{\"x\":208,\"y\":75},{\"x\":206,\"y\":67},{\"x\":200,\"y\":57},{\"x\":193,\"y\":48},{\"x\":184,\"y\":43},{\"x\":175,\"y\":42},{\"x\":165,\"y\":45},{\"x\":157,\"y\":53},{\"x\":151,\"y\":61},{\"x\":148,\"y\":67},{\"x\":147,\"y\":73},{\"x\":147,\"y\":79},{\"x\":149,\"y\":88},{\"x\":154,\"y\":98},{\"x\":159,\"y\":109},{\"x\":165,\"y\":117},{\"x\":170,\"y\":122},{\"x\":175,\"y\":124},{\"x\":178,\"y\":124},{\"x\":182,\"y\":122},{\"x\":185,\"y\":117},{\"x\":188,\"y\":111},{\"x\":192,\"y\":103},{\"x\":197,\"y\":92},{\"x\":201,\"y\":82},{\"x\":203,\"y\":73},{\"x\":204,\"y\":65},{\"x\":202,\"y\":59},{\"x\":198,\"y\":56},{\"x\":192,\"y\":54},{\"x\":185,\"y\":54},{\"x\":178,\"y\":55},{\"x\":171,\"y\":56},{\"x\":167,\"y\":58},{\"x\":164,\"y\":59},{\"x\":162,\"y\":60},{\"x\":162,\"y\":61},{\"x\":162,\"y\":62},{\"x\":162,\"y\":63}],\"color\":\"#000000\",\"size\":\"50\"},{\"puntos\":[{\"x\":395,\"y\":72},{\"x\":395,\"y\":73},{\"x\":393,\"y\":76},{\"x\":391,\"y\":81},{\"x\":388,\"y\":88},{\"x\":385,\"y\":101},{\"x\":382,\"y\":117},{\"x\":382,\"y\":128},{\"x\":382,\"y\":138},{\"x\":384,\"y\":145},{\"x\":387,\"y\":150},{\"x\":394,\"y\":153},{\"x\":406,\"y\":154},{\"x\":422,\"y\":154},{\"x\":438,\"y\":153},{\"x\":453,\"y\":148},{\"x\":464,\"y\":141},{\"x\":470,\"y\":134},{\"x\":471,\"y\":126},{\"x\":471,\"y\":114},{\"x\":468,\"y\":101},{\"x\":462,\"y\":89},{\"x\":457,\"y\":80},{\"x\":452,\"y\":74},{\"x\":446,\"y\":71},{\"x\":440,\"y\":70},{\"x\":434,\"y\":70},{\"x\":428,\"y\":72},{\"x\":424,\"y\":74},{\"x\":420,\"y\":76},{\"x\":417,\"y\":77},{\"x\":415,\"y\":79},{\"x\":413,\"y\":80},{\"x\":412,\"y\":81},{\"x\":412,\"y\":82},{\"x\":411,\"y\":83},{\"x\":411,\"y\":83},{\"x\":411,\"y\":84},{\"x\":412,\"y\":84},{\"x\":412,\"y\":84},{\"x\":412,\"y\":84}],\"color\":\"#000000\",\"size\":\"50\"},{\"puntos\":[{\"x\":269,\"y\":208},{\"x\":269,\"y\":208},{\"x\":269,\"y\":210},{\"x\":269,\"y\":212},{\"x\":269,\"y\":218},{\"x\":269,\"y\":228},{\"x\":269,\"y\":243},{\"x\":269,\"y\":263},{\"x\":269,\"y\":281},{\"x\":269,\"y\":292},{\"x\":269,\"y\":300},{\"x\":269,\"y\":304},{\"x\":269,\"y\":305},{\"x\":269,\"y\":305},{\"x\":269,\"y\":305},{\"x\":270,\"y\":303},{\"x\":271,\"y\":301}],\"color\":\"#000000\",\"size\":\"50\"},{\"puntos\":[{\"x\":437,\"y\":428}],\"color\":\"#000000\",\"size\":\"50\"}]', '2023-12-04', 'francisca@gmail.com', 1),
(68, 91, '[{\"type\":\"circulo\",\"color\":\"#000000\",\"rellenoFigura\":false,\"size\":\"50\",\"centerX\":592,\"centerY\":285},{\"type\":\"cuadrado\",\"color\":\"#000000\",\"rellenoFigura\":false,\"size\":\"50\",\"centerX\":640,\"centerY\":422}]', '[{\"puntos\":[{\"x\":72,\"y\":240},{\"x\":72,\"y\":240},{\"x\":72,\"y\":241},{\"x\":72,\"y\":246},{\"x\":72,\"y\":256},{\"x\":74,\"y\":270},{\"x\":77,\"y\":286},{\"x\":81,\"y\":302},{\"x\":86,\"y\":319},{\"x\":92,\"y\":336},{\"x\":99,\"y\":352},{\"x\":107,\"y\":367},{\"x\":116,\"y\":380},{\"x\":128,\"y\":396},{\"x\":141,\"y\":410},{\"x\":155,\"y\":422},{\"x\":173,\"y\":433},{\"x\":192,\"y\":442},{\"x\":214,\"y\":448},{\"x\":239,\"y\":449},{\"x\":264,\"y\":448},{\"x\":288,\"y\":443},{\"x\":312,\"y\":432},{\"x\":341,\"y\":414},{\"x\":371,\"y\":388},{\"x\":399,\"y\":358},{\"x\":428,\"y\":322},{\"x\":452,\"y\":287},{\"x\":472,\"y\":252},{\"x\":489,\"y\":215},{\"x\":499,\"y\":187},{\"x\":505,\"y\":165},{\"x\":507,\"y\":149},{\"x\":508,\"y\":136},{\"x\":508,\"y\":125},{\"x\":507,\"y\":118},{\"x\":506,\"y\":111},{\"x\":506,\"y\":105},{\"x\":506,\"y\":99},{\"x\":506,\"y\":94},{\"x\":506,\"y\":91},{\"x\":506,\"y\":89},{\"x\":506,\"y\":88},{\"x\":506,\"y\":88},{\"x\":507,\"y\":88},{\"x\":507,\"y\":88},{\"x\":507,\"y\":88},{\"x\":507,\"y\":88},{\"x\":507,\"y\":88},{\"x\":507,\"y\":89},{\"x\":507,\"y\":89},{\"x\":507,\"y\":90}],\"color\":\"#000000\",\"size\":\"50\"},{\"puntos\":[{\"x\":126,\"y\":79},{\"x\":126,\"y\":79},{\"x\":126,\"y\":80},{\"x\":127,\"y\":82},{\"x\":131,\"y\":87},{\"x\":138,\"y\":93},{\"x\":148,\"y\":97},{\"x\":159,\"y\":100},{\"x\":172,\"y\":101},{\"x\":185,\"y\":100},{\"x\":197,\"y\":96},{\"x\":204,\"y\":89},{\"x\":208,\"y\":82},{\"x\":208,\"y\":75},{\"x\":206,\"y\":67},{\"x\":200,\"y\":57},{\"x\":193,\"y\":48},{\"x\":184,\"y\":43},{\"x\":175,\"y\":42},{\"x\":165,\"y\":45},{\"x\":157,\"y\":53},{\"x\":151,\"y\":61},{\"x\":148,\"y\":67},{\"x\":147,\"y\":73},{\"x\":147,\"y\":79},{\"x\":149,\"y\":88},{\"x\":154,\"y\":98},{\"x\":159,\"y\":109},{\"x\":165,\"y\":117},{\"x\":170,\"y\":122},{\"x\":175,\"y\":124},{\"x\":178,\"y\":124},{\"x\":182,\"y\":122},{\"x\":185,\"y\":117},{\"x\":188,\"y\":111},{\"x\":192,\"y\":103},{\"x\":197,\"y\":92},{\"x\":201,\"y\":82},{\"x\":203,\"y\":73},{\"x\":204,\"y\":65},{\"x\":202,\"y\":59},{\"x\":198,\"y\":56},{\"x\":192,\"y\":54},{\"x\":185,\"y\":54},{\"x\":178,\"y\":55},{\"x\":171,\"y\":56},{\"x\":167,\"y\":58},{\"x\":164,\"y\":59},{\"x\":162,\"y\":60},{\"x\":162,\"y\":61},{\"x\":162,\"y\":62},{\"x\":162,\"y\":63}],\"color\":\"#000000\",\"size\":\"50\"},{\"puntos\":[{\"x\":395,\"y\":72},{\"x\":395,\"y\":73},{\"x\":393,\"y\":76},{\"x\":391,\"y\":81},{\"x\":388,\"y\":88},{\"x\":385,\"y\":101},{\"x\":382,\"y\":117},{\"x\":382,\"y\":128},{\"x\":382,\"y\":138},{\"x\":384,\"y\":145},{\"x\":387,\"y\":150},{\"x\":394,\"y\":153},{\"x\":406,\"y\":154},{\"x\":422,\"y\":154},{\"x\":438,\"y\":153},{\"x\":453,\"y\":148},{\"x\":464,\"y\":141},{\"x\":470,\"y\":134},{\"x\":471,\"y\":126},{\"x\":471,\"y\":114},{\"x\":468,\"y\":101},{\"x\":462,\"y\":89},{\"x\":457,\"y\":80},{\"x\":452,\"y\":74},{\"x\":446,\"y\":71},{\"x\":440,\"y\":70},{\"x\":434,\"y\":70},{\"x\":428,\"y\":72},{\"x\":424,\"y\":74},{\"x\":420,\"y\":76},{\"x\":417,\"y\":77},{\"x\":415,\"y\":79},{\"x\":413,\"y\":80},{\"x\":412,\"y\":81},{\"x\":412,\"y\":82},{\"x\":411,\"y\":83},{\"x\":411,\"y\":83},{\"x\":411,\"y\":84},{\"x\":412,\"y\":84},{\"x\":412,\"y\":84},{\"x\":412,\"y\":84}],\"color\":\"#000000\",\"size\":\"50\"},{\"puntos\":[{\"x\":269,\"y\":208},{\"x\":269,\"y\":208},{\"x\":269,\"y\":210},{\"x\":269,\"y\":212},{\"x\":269,\"y\":218},{\"x\":269,\"y\":228},{\"x\":269,\"y\":243},{\"x\":269,\"y\":263},{\"x\":269,\"y\":281},{\"x\":269,\"y\":292},{\"x\":269,\"y\":300},{\"x\":269,\"y\":304},{\"x\":269,\"y\":305},{\"x\":269,\"y\":305},{\"x\":269,\"y\":305},{\"x\":270,\"y\":303},{\"x\":271,\"y\":301}],\"color\":\"#000000\",\"size\":\"50\"},{\"puntos\":[{\"x\":437,\"y\":428}],\"color\":\"#000000\",\"size\":\"50\"}]', '2023-12-04', 'francisca@gmail.com', 1);

--
-- Índices para tablas volcadas
--

--
-- Indices de la tabla `Canvas`
--
ALTER TABLE `Canvas`
  ADD PRIMARY KEY (`idObjectes`),
  ADD KEY `user_id` (`user_id`),
  ADD KEY `user_email` (`user_email`);

--
-- Indices de la tabla `Permission`
--
ALTER TABLE `Permission`
  ADD KEY `idCanvas` (`idCanvas`),
  ADD KEY `user_email` (`user_email`);

--
-- Indices de la tabla `user`
--
ALTER TABLE `user`
  ADD PRIMARY KEY (`id`),
  ADD UNIQUE KEY `email` (`email`),
  ADD UNIQUE KEY `email_2` (`email`);

--
-- Indices de la tabla `Version`
--
ALTER TABLE `Version`
  ADD PRIMARY KEY (`idVersion`),
  ADD KEY `idDraw` (`idDraw`),
  ADD KEY `Version_ibfk_2` (`user_email`);

--
-- AUTO_INCREMENT de las tablas volcadas
--

--
-- AUTO_INCREMENT de la tabla `Canvas`
--
ALTER TABLE `Canvas`
  MODIFY `idObjectes` int(11) NOT NULL AUTO_INCREMENT, AUTO_INCREMENT=92;

--
-- AUTO_INCREMENT de la tabla `user`
--
ALTER TABLE `user`
  MODIFY `id` int(11) NOT NULL AUTO_INCREMENT, AUTO_INCREMENT=10;

--
-- AUTO_INCREMENT de la tabla `Version`
--
ALTER TABLE `Version`
  MODIFY `idVersion` int(11) NOT NULL AUTO_INCREMENT, AUTO_INCREMENT=69;

--
-- Restricciones para tablas volcadas
--

--
-- Filtros para la tabla `Canvas`
--
ALTER TABLE `Canvas`
  ADD CONSTRAINT `Canvas_ibfk_1` FOREIGN KEY (`user_id`) REFERENCES `user` (`id`),
  ADD CONSTRAINT `Canvas_ibfk_2` FOREIGN KEY (`user_email`) REFERENCES `user` (`email`);

--
-- Filtros para la tabla `Permission`
--
ALTER TABLE `Permission`
  ADD CONSTRAINT `Permission_ibfk_1` FOREIGN KEY (`idCanvas`) REFERENCES `Canvas` (`idObjectes`),
  ADD CONSTRAINT `Permission_ibfk_2` FOREIGN KEY (`user_email`) REFERENCES `user` (`email`);

--
-- Filtros para la tabla `Version`
--
ALTER TABLE `Version`
  ADD CONSTRAINT `Version_ibfk_1` FOREIGN KEY (`idDraw`) REFERENCES `Canvas` (`idObjectes`),
  ADD CONSTRAINT `Version_ibfk_2` FOREIGN KEY (`user_email`) REFERENCES `user` (`email`);
COMMIT;

/*!40101 SET CHARACTER_SET_CLIENT=@OLD_CHARACTER_SET_CLIENT */;
/*!40101 SET CHARACTER_SET_RESULTS=@OLD_CHARACTER_SET_RESULTS */;
/*!40101 SET COLLATION_CONNECTION=@OLD_COLLATION_CONNECTION */;
