-- phpMyAdmin SQL Dump
-- version 5.2.1
-- https://www.phpmyadmin.net/
--
-- Servidor: db:3306
-- Tiempo de generación: 01-12-2023 a las 17:08:33
-- Versión del servidor: 5.7.44
-- Versión de PHP: 8.2.8

SET SQL_MODE = "NO_AUTO_VALUE_ON_ZERO";
START TRANSACTION;
SET time_zone = "+00:00";


/*!40101 SET @OLD_CHARACTER_SET_CLIENT=@@CHARACTER_SET_CLIENT */;
/*!40101 SET @OLD_CHARACTER_SET_RESULTS=@@CHARACTER_SET_RESULTS */;
/*!40101 SET @OLD_COLLATION_CONNECTION=@@COLLATION_CONNECTION */;
/*!40101 SET NAMES utf8mb4 */;

--
-- Base de datos: `drawing`
--

-- --------------------------------------------------------

--
-- Estructura de tabla para la tabla `Canvas`
--

CREATE TABLE `Canvas` (
  `idObjectes` int(11) NOT NULL,
  `nameCanvas` varchar(255) DEFAULT NULL,
  `user_id` int(11) DEFAULT NULL,
  `dataCreacio` datetime DEFAULT NULL,
  `user_email` varchar(255) NOT NULL,
  `trash` tinyint(1) DEFAULT NULL,
  `public` tinyint(1) DEFAULT NULL
) ENGINE=InnoDB DEFAULT CHARSET=latin1;

--
-- Volcado de datos para la tabla `Canvas`
--

INSERT INTO `Canvas` (`idObjectes`, `nameCanvas`, `user_id`, `dataCreacio`, `user_email`, `trash`, `public`) VALUES
(56, 'Mi canvas', NULL, '2023-12-01 15:54:55', 'aina@gmail.com', 0, 1),
(57, 'Mi canvasprov', NULL, '2023-12-01 15:55:11', 'aina@gmail.com', 0, 1),
(58, 'pub', NULL, '2023-12-01 15:55:21', 'aina@gmail.com', 1, 0),
(59, 'no se ha de veure', NULL, '2023-12-01 15:56:01', 'joan@gmail.com', 0, 0),
(60, 'Image46842', NULL, '2023-12-01 15:57:33', 'aina@gmail.com', 1, 0),
(61, 'Image63509', NULL, '2023-12-01 15:57:53', 'joan@gmail.com', 0, 1),
(62, 'no puclic', NULL, '2023-12-01 16:30:24', 'joan@gmail.com', 0, 0),
(63, 'Image34889', NULL, '2023-12-01 16:31:05', 'francisca@gmail.com', 0, 1),
(64, 'Image92189', NULL, '2023-12-01 16:31:30', 'francisca@gmail.com', 0, 1),
(65, 'smile', NULL, '2023-12-01 17:06:07', 'francisca@gmail.com', 0, 1);

-- --------------------------------------------------------

--
-- Estructura de tabla para la tabla `Permission`
--

CREATE TABLE `Permission` (
  `idCanvas` int(11) NOT NULL,
  `permissionType` varchar(11) NOT NULL,
  `user_email` varchar(255) NOT NULL
) ENGINE=InnoDB DEFAULT CHARSET=latin1;

-- --------------------------------------------------------

--
-- Estructura de tabla para la tabla `user`
--

CREATE TABLE `user` (
  `id` int(11) NOT NULL,
  `name` varchar(100) NOT NULL,
  `email` varchar(255) NOT NULL,
  `password` varchar(255) NOT NULL
) ENGINE=InnoDB DEFAULT CHARSET=latin1;

--
-- Volcado de datos para la tabla `user`
--

INSERT INTO `user` (`id`, `name`, `email`, `password`) VALUES
(4, 'joan', 'joan@gmail.com', '2e80a184267270fc8a50f3f9aef3902e'),
(5, 'Francisca', 'francisca@gmail.com', '2e80a184267270fc8a50f3f9aef3902e'),
(6, 'Aina', 'aina@gmail.com', '2e80a184267270fc8a50f3f9aef3902e');

-- --------------------------------------------------------

--
-- Estructura de tabla para la tabla `Version`
--

CREATE TABLE `Version` (
  `idVersion` int(11) NOT NULL,
  `idDraw` int(11) NOT NULL,
  `figuresJSON` text NOT NULL,
  `strokesJSON` text NOT NULL,
  `dateLastModified` date NOT NULL,
  `user_email` varchar(255) NOT NULL,
  `numberObject` int(11) NOT NULL
) ENGINE=InnoDB DEFAULT CHARSET=latin1;

--
-- Volcado de datos para la tabla `Version`
--

INSERT INTO `Version` (`idVersion`, `idDraw`, `figuresJSON`, `strokesJSON`, `dateLastModified`, `user_email`, `numberObject`) VALUES
(33, 56, '[{\"type\":\"circulo\",\"color\":\"#000000\",\"rellenoFigura\":false,\"size\":\"50\",\"centerX\":71,\"centerY\":416}]', '[{\"puntos\":[{\"x\":154,\"y\":237},{\"x\":154,\"y\":237},{\"x\":155,\"y\":239},{\"x\":158,\"y\":243},{\"x\":163,\"y\":249},{\"x\":171,\"y\":259},{\"x\":182,\"y\":271},{\"x\":193,\"y\":282},{\"x\":204,\"y\":296},{\"x\":218,\"y\":312},{\"x\":230,\"y\":325},{\"x\":242,\"y\":336},{\"x\":259,\"y\":347},{\"x\":278,\"y\":355},{\"x\":302,\"y\":358},{\"x\":331,\"y\":359},{\"x\":370,\"y\":357},{\"x\":408,\"y\":348},{\"x\":446,\"y\":327},{\"x\":486,\"y\":295},{\"x\":515,\"y\":263},{\"x\":540,\"y\":229},{\"x\":565,\"y\":192},{\"x\":581,\"y\":165},{\"x\":597,\"y\":148},{\"x\":593,\"y\":160},{\"x\":585,\"y\":184},{\"x\":572,\"y\":227},{\"x\":556,\"y\":283},{\"x\":543,\"y\":333},{\"x\":531,\"y\":375},{\"x\":520,\"y\":407},{\"x\":512,\"y\":425},{\"x\":506,\"y\":436},{\"x\":501,\"y\":442},{\"x\":498,\"y\":445},{\"x\":497,\"y\":446},{\"x\":496,\"y\":446},{\"x\":495,\"y\":446},{\"x\":495,\"y\":446},{\"x\":495,\"y\":446},{\"x\":495,\"y\":446},{\"x\":494,\"y\":446},{\"x\":494,\"y\":446},{\"x\":493,\"y\":446},{\"x\":492,\"y\":446},{\"x\":480,\"y\":447},{\"x\":448,\"y\":455},{\"x\":396,\"y\":473},{\"x\":333,\"y\":496},{\"x\":269,\"y\":518},{\"x\":223,\"y\":531},{\"x\":195,\"y\":536},{\"x\":177,\"y\":538},{\"x\":166,\"y\":538},{\"x\":162,\"y\":537},{\"x\":161,\"y\":535},{\"x\":161,\"y\":533},{\"x\":163,\"y\":530},{\"x\":166,\"y\":526},{\"x\":169,\"y\":522},{\"x\":174,\"y\":512},{\"x\":180,\"y\":497},{\"x\":187,\"y\":477},{\"x\":196,\"y\":451},{\"x\":204,\"y\":427},{\"x\":211,\"y\":407},{\"x\":220,\"y\":388},{\"x\":230,\"y\":373},{\"x\":240,\"y\":360},{\"x\":251,\"y\":350},{\"x\":261,\"y\":342},{\"x\":269,\"y\":337},{\"x\":275,\"y\":335},{\"x\":280,\"y\":333},{\"x\":282,\"y\":333},{\"x\":283,\"y\":333},{\"x\":284,\"y\":333},{\"x\":284,\"y\":334},{\"x\":285,\"y\":335},{\"x\":285,\"y\":336},{\"x\":285,\"y\":336},{\"x\":286,\"y\":336},{\"x\":289,\"y\":336},{\"x\":294,\"y\":336},{\"x\":304,\"y\":335},{\"x\":319,\"y\":335},{\"x\":335,\"y\":338},{\"x\":348,\"y\":345},{\"x\":358,\"y\":355},{\"x\":365,\"y\":365},{\"x\":369,\"y\":374},{\"x\":373,\"y\":381},{\"x\":378,\"y\":388},{\"x\":386,\"y\":394},{\"x\":400,\"y\":400},{\"x\":420,\"y\":405},{\"x\":444,\"y\":411},{\"x\":470,\"y\":416},{\"x\":497,\"y\":422},{\"x\":522,\"y\":427},{\"x\":547,\"y\":432},{\"x\":573,\"y\":436},{\"x\":599,\"y\":440},{\"x\":631,\"y\":444},{\"x\":701,\"y\":468}],\"color\":\"#000000\",\"size\":\"50\"}]', '2023-12-01', 'aina@gmail.com', 1),
(34, 57, '[{\"type\":\"cuadrado\",\"color\":\"#000000\",\"rellenoFigura\":false,\"size\":\"50\",\"centerX\":185,\"centerY\":346},{\"type\":\"cuadrado\",\"color\":\"#000000\",\"rellenoFigura\":false,\"size\":\"50\",\"centerX\":330,\"centerY\":347},{\"type\":\"cuadrado\",\"color\":\"#000000\",\"rellenoFigura\":false,\"size\":\"50\",\"centerX\":245,\"centerY\":452},{\"type\":\"cuadrado\",\"color\":\"#cf1717\",\"rellenoFigura\":false,\"size\":\"50\",\"centerX\":400,\"centerY\":426},{\"type\":\"cuadrado\",\"color\":\"#cf1717\",\"rellenoFigura\":true,\"size\":\"50\",\"centerX\":465,\"centerY\":296}]', '[]', '2023-12-01', 'aina@gmail.com', 1),
(35, 58, '[{\"type\":\"circulo\",\"color\":\"#000000\",\"rellenoFigura\":false,\"size\":\"50\",\"centerX\":196,\"centerY\":432}]', '[]', '2023-12-01', 'aina@gmail.com', 1),
(36, 59, '[]', '[{\"puntos\":[{\"x\":157,\"y\":322},{\"x\":158,\"y\":322},{\"x\":158,\"y\":323},{\"x\":158,\"y\":325},{\"x\":158,\"y\":330},{\"x\":161,\"y\":337},{\"x\":169,\"y\":346},{\"x\":181,\"y\":356},{\"x\":199,\"y\":364},{\"x\":230,\"y\":370},{\"x\":273,\"y\":372},{\"x\":322,\"y\":371},{\"x\":382,\"y\":363},{\"x\":450,\"y\":343},{\"x\":514,\"y\":314},{\"x\":567,\"y\":278},{\"x\":603,\"y\":244},{\"x\":628,\"y\":199},{\"x\":645,\"y\":157},{\"x\":652,\"y\":130},{\"x\":656,\"y\":111},{\"x\":657,\"y\":98},{\"x\":658,\"y\":90},{\"x\":657,\"y\":86},{\"x\":651,\"y\":82},{\"x\":637,\"y\":78},{\"x\":617,\"y\":71},{\"x\":594,\"y\":64},{\"x\":577,\"y\":58},{\"x\":560,\"y\":53},{\"x\":539,\"y\":50},{\"x\":515,\"y\":49},{\"x\":487,\"y\":50},{\"x\":458,\"y\":57},{\"x\":431,\"y\":69},{\"x\":409,\"y\":84},{\"x\":390,\"y\":103},{\"x\":374,\"y\":126},{\"x\":360,\"y\":154},{\"x\":348,\"y\":184},{\"x\":339,\"y\":218},{\"x\":335,\"y\":255},{\"x\":335,\"y\":290},{\"x\":339,\"y\":322},{\"x\":352,\"y\":347},{\"x\":371,\"y\":366},{\"x\":402,\"y\":382},{\"x\":443,\"y\":394},{\"x\":491,\"y\":400},{\"x\":548,\"y\":401},{\"x\":608,\"y\":399},{\"x\":655,\"y\":393},{\"x\":688,\"y\":384},{\"x\":710,\"y\":377},{\"x\":725,\"y\":372},{\"x\":733,\"y\":368},{\"x\":736,\"y\":367},{\"x\":737,\"y\":367},{\"x\":737,\"y\":367},{\"x\":736,\"y\":366}],\"color\":\"#000000\",\"size\":\"50\"},{\"puntos\":[{\"x\":164,\"y\":351}],\"color\":\"#000000\",\"size\":\"50\"},{\"puntos\":[{\"x\":144,\"y\":470}],\"color\":\"#000000\",\"size\":\"50\"},{\"puntos\":[{\"x\":100,\"y\":482},{\"x\":100,\"y\":482},{\"x\":99,\"y\":482},{\"x\":98,\"y\":482},{\"x\":97,\"y\":482},{\"x\":96,\"y\":480},{\"x\":93,\"y\":474},{\"x\":89,\"y\":461},{\"x\":84,\"y\":440},{\"x\":78,\"y\":413},{\"x\":72,\"y\":383},{\"x\":68,\"y\":354},{\"x\":67,\"y\":326},{\"x\":67,\"y\":298},{\"x\":68,\"y\":276},{\"x\":70,\"y\":259},{\"x\":73,\"y\":246},{\"x\":76,\"y\":239},{\"x\":78,\"y\":234},{\"x\":79,\"y\":231},{\"x\":80,\"y\":230},{\"x\":81,\"y\":230},{\"x\":82,\"y\":230},{\"x\":83,\"y\":230},{\"x\":83,\"y\":231},{\"x\":84,\"y\":231},{\"x\":84,\"y\":232},{\"x\":84,\"y\":232},{\"x\":84,\"y\":233},{\"x\":84,\"y\":233},{\"x\":84,\"y\":234},{\"x\":83,\"y\":234}],\"color\":\"#000000\",\"size\":\"50\"}]', '2023-12-01', 'joan@gmail.com', 1),
(37, 60, '[{\"type\":\"cuadrado\",\"color\":\"#000000\",\"rellenoFigura\":false,\"size\":\"50\",\"centerX\":208,\"centerY\":400}]', '[]', '2023-12-01', 'aina@gmail.com', 1),
(38, 61, '[]', '[{\"puntos\":[{\"x\":123,\"y\":361},{\"x\":124,\"y\":361},{\"x\":126,\"y\":361},{\"x\":137,\"y\":361},{\"x\":163,\"y\":358},{\"x\":188,\"y\":353},{\"x\":219,\"y\":346},{\"x\":262,\"y\":335},{\"x\":298,\"y\":327},{\"x\":327,\"y\":322},{\"x\":349,\"y\":318},{\"x\":361,\"y\":317},{\"x\":370,\"y\":317},{\"x\":374,\"y\":317},{\"x\":376,\"y\":317},{\"x\":377,\"y\":317},{\"x\":377,\"y\":318},{\"x\":377,\"y\":319},{\"x\":377,\"y\":319},{\"x\":376,\"y\":318},{\"x\":374,\"y\":315}],\"color\":\"#000000\",\"size\":\"50\"},{\"puntos\":[{\"x\":204,\"y\":445},{\"x\":204,\"y\":445},{\"x\":205,\"y\":445},{\"x\":207,\"y\":445},{\"x\":210,\"y\":445},{\"x\":215,\"y\":445},{\"x\":226,\"y\":445},{\"x\":239,\"y\":445},{\"x\":255,\"y\":445},{\"x\":274,\"y\":445},{\"x\":296,\"y\":445},{\"x\":317,\"y\":444},{\"x\":338,\"y\":443},{\"x\":357,\"y\":441},{\"x\":378,\"y\":439},{\"x\":399,\"y\":438},{\"x\":414,\"y\":437},{\"x\":428,\"y\":436},{\"x\":438,\"y\":435},{\"x\":445,\"y\":435},{\"x\":450,\"y\":435},{\"x\":453,\"y\":435},{\"x\":454,\"y\":435},{\"x\":455,\"y\":435},{\"x\":455,\"y\":435},{\"x\":455,\"y\":435},{\"x\":455,\"y\":435},{\"x\":455,\"y\":435},{\"x\":455,\"y\":435},{\"x\":454,\"y\":435},{\"x\":454,\"y\":435},{\"x\":454,\"y\":435},{\"x\":454,\"y\":435},{\"x\":453,\"y\":435},{\"x\":453,\"y\":436},{\"x\":452,\"y\":436},{\"x\":452,\"y\":436},{\"x\":451,\"y\":437},{\"x\":450,\"y\":437},{\"x\":449,\"y\":437},{\"x\":449,\"y\":437},{\"x\":448,\"y\":438},{\"x\":448,\"y\":438},{\"x\":447,\"y\":438},{\"x\":447,\"y\":437},{\"x\":446,\"y\":434}],\"color\":\"#000000\",\"size\":\"50\"}]', '2023-12-01', 'joan@gmail.com', 1),
(39, 62, '[]', '[{\"puntos\":[{\"x\":124,\"y\":262},{\"x\":124,\"y\":262},{\"x\":124,\"y\":264},{\"x\":127,\"y\":269},{\"x\":133,\"y\":280},{\"x\":143,\"y\":297},{\"x\":157,\"y\":320},{\"x\":174,\"y\":344},{\"x\":192,\"y\":365},{\"x\":210,\"y\":381},{\"x\":227,\"y\":391},{\"x\":250,\"y\":397},{\"x\":275,\"y\":399},{\"x\":313,\"y\":394},{\"x\":352,\"y\":384},{\"x\":393,\"y\":363},{\"x\":434,\"y\":339},{\"x\":465,\"y\":315},{\"x\":498,\"y\":289},{\"x\":523,\"y\":270},{\"x\":539,\"y\":258},{\"x\":551,\"y\":250},{\"x\":558,\"y\":246},{\"x\":564,\"y\":244},{\"x\":567,\"y\":243},{\"x\":569,\"y\":242},{\"x\":570,\"y\":242},{\"x\":570,\"y\":242},{\"x\":570,\"y\":241},{\"x\":566,\"y\":237}],\"color\":\"#000000\",\"size\":\"50\"}]', '2023-12-01', 'joan@gmail.com', 1),
(40, 63, '[{\"type\":\"cuadrado\",\"color\":\"#000000\",\"rellenoFigura\":false,\"size\":\"50\",\"centerX\":128,\"centerY\":329}]', '[]', '2023-12-01', 'francisca@gmail.com', 1),
(41, 64, '[]', '[{\"puntos\":[{\"x\":137,\"y\":237},{\"x\":137,\"y\":239},{\"x\":137,\"y\":245},{\"x\":137,\"y\":262},{\"x\":137,\"y\":286},{\"x\":137,\"y\":310},{\"x\":137,\"y\":328},{\"x\":137,\"y\":340},{\"x\":137,\"y\":348},{\"x\":137,\"y\":353},{\"x\":137,\"y\":355},{\"x\":137,\"y\":356},{\"x\":137,\"y\":356},{\"x\":137,\"y\":357},{\"x\":137,\"y\":358},{\"x\":137,\"y\":362},{\"x\":137,\"y\":367},{\"x\":138,\"y\":374},{\"x\":139,\"y\":381},{\"x\":141,\"y\":390},{\"x\":142,\"y\":399},{\"x\":144,\"y\":408},{\"x\":146,\"y\":418},{\"x\":149,\"y\":427},{\"x\":150,\"y\":434},{\"x\":152,\"y\":439},{\"x\":153,\"y\":442},{\"x\":154,\"y\":444},{\"x\":154,\"y\":444},{\"x\":154,\"y\":444},{\"x\":154,\"y\":442}],\"color\":\"#000000\",\"size\":\"50\"},{\"puntos\":[{\"x\":150,\"y\":257},{\"x\":150,\"y\":255},{\"x\":150,\"y\":250},{\"x\":150,\"y\":244},{\"x\":150,\"y\":235},{\"x\":150,\"y\":219},{\"x\":150,\"y\":201},{\"x\":150,\"y\":186},{\"x\":150,\"y\":174},{\"x\":150,\"y\":165},{\"x\":150,\"y\":160},{\"x\":150,\"y\":157},{\"x\":150,\"y\":156},{\"x\":150,\"y\":154},{\"x\":150,\"y\":151},{\"x\":150,\"y\":149},{\"x\":150,\"y\":146},{\"x\":150,\"y\":144},{\"x\":151,\"y\":143},{\"x\":151,\"y\":142},{\"x\":152,\"y\":142},{\"x\":153,\"y\":142},{\"x\":155,\"y\":142},{\"x\":157,\"y\":142},{\"x\":162,\"y\":142},{\"x\":169,\"y\":143},{\"x\":181,\"y\":143},{\"x\":199,\"y\":143},{\"x\":220,\"y\":143},{\"x\":244,\"y\":143},{\"x\":264,\"y\":143},{\"x\":282,\"y\":143},{\"x\":301,\"y\":146},{\"x\":316,\"y\":149},{\"x\":328,\"y\":153},{\"x\":336,\"y\":157},{\"x\":342,\"y\":161},{\"x\":347,\"y\":165},{\"x\":352,\"y\":170},{\"x\":354,\"y\":174},{\"x\":356,\"y\":179},{\"x\":356,\"y\":183},{\"x\":356,\"y\":187},{\"x\":354,\"y\":192},{\"x\":349,\"y\":199},{\"x\":337,\"y\":212},{\"x\":317,\"y\":231},{\"x\":287,\"y\":256},{\"x\":258,\"y\":279},{\"x\":239,\"y\":293},{\"x\":223,\"y\":303},{\"x\":213,\"y\":309},{\"x\":206,\"y\":312},{\"x\":202,\"y\":312},{\"x\":197,\"y\":312},{\"x\":191,\"y\":312},{\"x\":184,\"y\":312},{\"x\":178,\"y\":312},{\"x\":172,\"y\":312},{\"x\":169,\"y\":312},{\"x\":167,\"y\":312},{\"x\":166,\"y\":312},{\"x\":165,\"y\":312},{\"x\":165,\"y\":311},{\"x\":165,\"y\":310}],\"color\":\"#000000\",\"size\":\"50\"},{\"puntos\":[{\"x\":354,\"y\":238},{\"x\":354,\"y\":237},{\"x\":354,\"y\":238},{\"x\":354,\"y\":243},{\"x\":354,\"y\":258},{\"x\":354,\"y\":279},{\"x\":354,\"y\":303},{\"x\":354,\"y\":325},{\"x\":355,\"y\":339},{\"x\":359,\"y\":352},{\"x\":367,\"y\":361},{\"x\":380,\"y\":369},{\"x\":396,\"y\":372},{\"x\":414,\"y\":374},{\"x\":430,\"y\":374},{\"x\":443,\"y\":372},{\"x\":455,\"y\":368},{\"x\":464,\"y\":361},{\"x\":469,\"y\":355},{\"x\":471,\"y\":346},{\"x\":472,\"y\":320},{\"x\":471,\"y\":279},{\"x\":470,\"y\":239},{\"x\":469,\"y\":205},{\"x\":469,\"y\":185},{\"x\":469,\"y\":172},{\"x\":469,\"y\":166},{\"x\":469,\"y\":165},{\"x\":470,\"y\":165},{\"x\":470,\"y\":166},{\"x\":470,\"y\":167},{\"x\":470,\"y\":168},{\"x\":470,\"y\":169}],\"color\":\"#000000\",\"size\":\"50\"},{\"puntos\":[{\"x\":569,\"y\":179},{\"x\":569,\"y\":179},{\"x\":569,\"y\":182},{\"x\":569,\"y\":189},{\"x\":569,\"y\":197},{\"x\":569,\"y\":215},{\"x\":569,\"y\":240},{\"x\":569,\"y\":260},{\"x\":569,\"y\":279},{\"x\":569,\"y\":295},{\"x\":569,\"y\":308},{\"x\":570,\"y\":319},{\"x\":570,\"y\":329},{\"x\":572,\"y\":337},{\"x\":573,\"y\":346},{\"x\":575,\"y\":353},{\"x\":576,\"y\":358},{\"x\":577,\"y\":362},{\"x\":578,\"y\":365},{\"x\":578,\"y\":366},{\"x\":579,\"y\":368},{\"x\":579,\"y\":370},{\"x\":579,\"y\":372},{\"x\":578,\"y\":374}],\"color\":\"#000000\",\"size\":\"50\"},{\"puntos\":[{\"x\":585,\"y\":191},{\"x\":585,\"y\":191},{\"x\":586,\"y\":191},{\"x\":590,\"y\":191},{\"x\":597,\"y\":191},{\"x\":604,\"y\":191},{\"x\":612,\"y\":191},{\"x\":621,\"y\":192},{\"x\":629,\"y\":194},{\"x\":636,\"y\":198},{\"x\":641,\"y\":202},{\"x\":646,\"y\":208},{\"x\":651,\"y\":214},{\"x\":654,\"y\":220},{\"x\":656,\"y\":226},{\"x\":658,\"y\":232},{\"x\":658,\"y\":237},{\"x\":657,\"y\":241},{\"x\":655,\"y\":245},{\"x\":647,\"y\":251},{\"x\":632,\"y\":261},{\"x\":612,\"y\":277},{\"x\":591,\"y\":293},{\"x\":576,\"y\":304},{\"x\":565,\"y\":312},{\"x\":558,\"y\":316},{\"x\":556,\"y\":318},{\"x\":556,\"y\":318},{\"x\":557,\"y\":317},{\"x\":560,\"y\":316},{\"x\":563,\"y\":315},{\"x\":567,\"y\":313},{\"x\":573,\"y\":311},{\"x\":581,\"y\":309},{\"x\":592,\"y\":308},{\"x\":605,\"y\":307},{\"x\":617,\"y\":307},{\"x\":629,\"y\":307},{\"x\":640,\"y\":308},{\"x\":648,\"y\":309},{\"x\":655,\"y\":311},{\"x\":661,\"y\":314},{\"x\":666,\"y\":317},{\"x\":669,\"y\":320},{\"x\":672,\"y\":324},{\"x\":674,\"y\":328},{\"x\":675,\"y\":334},{\"x\":676,\"y\":341},{\"x\":677,\"y\":347},{\"x\":677,\"y\":353},{\"x\":677,\"y\":358},{\"x\":677,\"y\":362},{\"x\":674,\"y\":366},{\"x\":671,\"y\":368},{\"x\":667,\"y\":370},{\"x\":659,\"y\":372},{\"x\":648,\"y\":375},{\"x\":637,\"y\":376},{\"x\":625,\"y\":378},{\"x\":616,\"y\":379},{\"x\":609,\"y\":380},{\"x\":602,\"y\":380},{\"x\":596,\"y\":381},{\"x\":592,\"y\":380},{\"x\":588,\"y\":379},{\"x\":585,\"y\":376},{\"x\":583,\"y\":374},{\"x\":581,\"y\":373},{\"x\":580,\"y\":372},{\"x\":580,\"y\":372},{\"x\":580,\"y\":371},{\"x\":580,\"y\":371},{\"x\":580,\"y\":371},{\"x\":582,\"y\":371}],\"color\":\"#000000\",\"size\":\"50\"}]', '2023-12-01', 'francisca@gmail.com', 1),
(42, 65, '[]', '[{\"puntos\":[{\"x\":240,\"y\":211},{\"x\":240,\"y\":212},{\"x\":240,\"y\":214},{\"x\":240,\"y\":221},{\"x\":240,\"y\":232},{\"x\":240,\"y\":247},{\"x\":240,\"y\":261},{\"x\":240,\"y\":274},{\"x\":242,\"y\":287},{\"x\":245,\"y\":299},{\"x\":248,\"y\":310},{\"x\":252,\"y\":319},{\"x\":257,\"y\":326},{\"x\":262,\"y\":331},{\"x\":269,\"y\":335},{\"x\":278,\"y\":340},{\"x\":289,\"y\":344},{\"x\":303,\"y\":348},{\"x\":320,\"y\":353},{\"x\":344,\"y\":356},{\"x\":372,\"y\":358},{\"x\":408,\"y\":358},{\"x\":446,\"y\":356},{\"x\":478,\"y\":349},{\"x\":505,\"y\":340},{\"x\":526,\"y\":329},{\"x\":544,\"y\":315},{\"x\":556,\"y\":301},{\"x\":565,\"y\":288},{\"x\":572,\"y\":275},{\"x\":577,\"y\":265},{\"x\":580,\"y\":258},{\"x\":583,\"y\":252},{\"x\":584,\"y\":249},{\"x\":584,\"y\":248},{\"x\":584,\"y\":248},{\"x\":583,\"y\":248}],\"color\":\"#000000\",\"size\":\"50\"},{\"puntos\":[{\"x\":237,\"y\":92},{\"x\":237,\"y\":92},{\"x\":237,\"y\":92},{\"x\":237,\"y\":92},{\"x\":240,\"y\":92},{\"x\":244,\"y\":92},{\"x\":250,\"y\":92},{\"x\":256,\"y\":92},{\"x\":261,\"y\":92},{\"x\":265,\"y\":90},{\"x\":267,\"y\":88},{\"x\":267,\"y\":84},{\"x\":267,\"y\":81},{\"x\":265,\"y\":79},{\"x\":262,\"y\":76},{\"x\":259,\"y\":75},{\"x\":256,\"y\":75},{\"x\":255,\"y\":75},{\"x\":254,\"y\":75},{\"x\":253,\"y\":77},{\"x\":252,\"y\":78},{\"x\":252,\"y\":81}],\"color\":\"#000000\",\"size\":\"50\"},{\"puntos\":[{\"x\":503,\"y\":98},{\"x\":503,\"y\":98},{\"x\":503,\"y\":98},{\"x\":504,\"y\":100},{\"x\":504,\"y\":101},{\"x\":506,\"y\":101},{\"x\":508,\"y\":102},{\"x\":511,\"y\":102},{\"x\":514,\"y\":102},{\"x\":518,\"y\":101},{\"x\":522,\"y\":99},{\"x\":526,\"y\":96},{\"x\":530,\"y\":93},{\"x\":532,\"y\":88},{\"x\":534,\"y\":84},{\"x\":534,\"y\":80},{\"x\":534,\"y\":76},{\"x\":534,\"y\":73},{\"x\":533,\"y\":71},{\"x\":531,\"y\":70},{\"x\":529,\"y\":70},{\"x\":525,\"y\":70},{\"x\":522,\"y\":71},{\"x\":519,\"y\":73},{\"x\":515,\"y\":75},{\"x\":513,\"y\":78},{\"x\":511,\"y\":80},{\"x\":510,\"y\":82},{\"x\":510,\"y\":84},{\"x\":510,\"y\":86},{\"x\":510,\"y\":89},{\"x\":511,\"y\":91},{\"x\":513,\"y\":93},{\"x\":514,\"y\":94},{\"x\":515,\"y\":95},{\"x\":516,\"y\":96},{\"x\":518,\"y\":96},{\"x\":519,\"y\":96},{\"x\":521,\"y\":96},{\"x\":522,\"y\":95},{\"x\":523,\"y\":93},{\"x\":524,\"y\":92}],\"color\":\"#000000\",\"size\":\"50\"}]', '2023-12-01', 'francisca@gmail.com', 1);

--
-- Índices para tablas volcadas
--

--
-- Indices de la tabla `Canvas`
--
ALTER TABLE `Canvas`
  ADD PRIMARY KEY (`idObjectes`),
  ADD KEY `user_id` (`user_id`),
  ADD KEY `user_email` (`user_email`);

--
-- Indices de la tabla `Permission`
--
ALTER TABLE `Permission`
  ADD KEY `idCanvas` (`idCanvas`),
  ADD KEY `user_email` (`user_email`);

--
-- Indices de la tabla `user`
--
ALTER TABLE `user`
  ADD PRIMARY KEY (`id`),
  ADD UNIQUE KEY `email` (`email`),
  ADD UNIQUE KEY `email_2` (`email`);

--
-- Indices de la tabla `Version`
--
ALTER TABLE `Version`
  ADD PRIMARY KEY (`idVersion`),
  ADD KEY `idDraw` (`idDraw`),
  ADD KEY `Version_ibfk_2` (`user_email`);

--
-- AUTO_INCREMENT de las tablas volcadas
--

--
-- AUTO_INCREMENT de la tabla `Canvas`
--
ALTER TABLE `Canvas`
  MODIFY `idObjectes` int(11) NOT NULL AUTO_INCREMENT, AUTO_INCREMENT=66;

--
-- AUTO_INCREMENT de la tabla `user`
--
ALTER TABLE `user`
  MODIFY `id` int(11) NOT NULL AUTO_INCREMENT, AUTO_INCREMENT=7;

--
-- AUTO_INCREMENT de la tabla `Version`
--
ALTER TABLE `Version`
  MODIFY `idVersion` int(11) NOT NULL AUTO_INCREMENT, AUTO_INCREMENT=43;

--
-- Restricciones para tablas volcadas
--

--
-- Filtros para la tabla `Canvas`
--
ALTER TABLE `Canvas`
  ADD CONSTRAINT `Canvas_ibfk_1` FOREIGN KEY (`user_id`) REFERENCES `user` (`id`),
  ADD CONSTRAINT `Canvas_ibfk_2` FOREIGN KEY (`user_email`) REFERENCES `user` (`email`);

--
-- Filtros para la tabla `Permission`
--
ALTER TABLE `Permission`
  ADD CONSTRAINT `Permission_ibfk_1` FOREIGN KEY (`idCanvas`) REFERENCES `Canvas` (`idObjectes`),
  ADD CONSTRAINT `Permission_ibfk_2` FOREIGN KEY (`user_email`) REFERENCES `user` (`email`);

--
-- Filtros para la tabla `Version`
--
ALTER TABLE `Version`
  ADD CONSTRAINT `Version_ibfk_1` FOREIGN KEY (`idDraw`) REFERENCES `Canvas` (`idObjectes`),
  ADD CONSTRAINT `Version_ibfk_2` FOREIGN KEY (`user_email`) REFERENCES `user` (`email`);
COMMIT;

/*!40101 SET CHARACTER_SET_CLIENT=@OLD_CHARACTER_SET_CLIENT */;
/*!40101 SET CHARACTER_SET_RESULTS=@OLD_CHARACTER_SET_RESULTS */;
/*!40101 SET COLLATION_CONNECTION=@OLD_COLLATION_CONNECTION */;
